,lat,lon,year,month,temp_month,precip_month,gisacres,fires_target
0,39.26211028721491,-108.70553651118291,2005,7,80.06017578125005,0.0019511691125291,17.51150937,0
1,39.24629893091578,-108.70031098965698,2017,5,61.22873046875005,0.0350265201185131,0.70730139,0
2,39.26130103067896,-108.71466931820386,2016,7,78.09538085937504,0.0150241444487619,0.1235982,0
3,40.74856283988963,-107.75665455337936,2015,9,61.49416015625005,0.0272600968929822,7.22590469,0
4,39.20846708841309,-108.65497938900153,2017,5,61.22873046875005,0.0350265201185131,28.77381076,0
5,37.10055385354079,-107.88499601534475,2015,4,46.31940429687504,0.0290180287844967,52.96156487,0
6,39.66415854521013,-107.59837560768902,2017,9,55.24206054687504,0.062564927696716,3.05388126,0
7,39.68453184311453,-107.6464775804984,2015,3,30.25563476562504,0.0531619149934384,3.47057621,0
8,39.1802271514785,-108.56947266653816,2016,8,73.10099609375004,0.0336152723259525,12.48924247,0
9,39.16772131233579,-108.57538637838246,2008,7,79.29069335937504,0.0113870471049332,12.15690334,0
10,39.17326111757619,-108.57346638382582,2008,7,79.29069335937504,0.0113870471049332,15.7951564,0
11,37.35241478897371,-107.30170586976928,2001,5,45.05377929687504,0.0405566633868031,115.83456486,0
12,40.55120814125162,-108.337424323923,2010,8,70.50207031250005,0.0383248750467668,118.84272246,0
13,39.46643866538009,-107.95565642741688,2016,9,58.52741210937504,0.0465109436511294,4.43093561,0
14,39.47732569055661,-107.90358168972983,2007,7,72.10255859375005,0.0149593906826688,178.89419521,0
15,37.332776155961135,-107.66570545776416,2018,5,55.33302734375005,0.0553686281929374,50.91803675,0
16,39.41144951825716,-105.82894263087007,2016,5,35.86657226562504,0.083815896179364,8.29567636,0
17,39.35454425457415,-105.72626264614176,2017,6,52.63126953125004,0.0638358720343094,77.50695884,0
18,37.49440200162482,-107.90430874052016,2018,7,61.56623046875004,0.2135728047859855,54086.36098606,1
19,39.295504635189744,-108.2462273731379,2011,6,69.87936523437504,0.031392215139768,18.35036516,0
20,40.552741968584066,-106.9965169995522,2012,11,32.20109375000004,0.0209911238440778,45.77735189,0
21,38.39271151728027,-108.48706175707892,2002,12,25.93668945312504,0.0259208845571614,1407.53814314,1
22,39.176376028331305,-108.56765878475248,2007,6,74.08800781250005,0.0052305524007417,32.87542314,0
23,39.19961310297481,-108.51334455743708,2007,6,72.59386718750005,0.0053467111215926,27.31309008,0
24,39.35447102490214,-105.68950737330798,2017,3,26.22233398437504,0.0396000222547445,308.07431435,0
25,40.43048828104795,-108.1007014586275,2014,6,65.66237304687505,0.0090327796969795,0.30801405,0
26,40.510569930918365,-107.64802988278254,2009,9,59.73634765625005,0.0274363974515465,24.99515704,0
27,40.59773829072554,-107.77039361626282,2012,7,74.18336914062505,0.0232151251865318,21.55131316,0
28,39.21559394476764,-108.96197255877246,2007,6,75.73332031250004,0.0032054013685323,16.39735367,0
29,39.040441926883744,-105.47427515289954,2013,3,22.39821289062504,0.0357872075750958,14.69950037,0
30,40.19893085345652,-108.60780160984464,2006,5,62.25177734375004,0.0176749628619058,71.86427341,0
31,38.54358384927879,-105.09471030371576,2014,7,70.59611328125004,0.108125995141291,528.52676996,1
32,39.251027793240524,-108.93262890293398,2007,8,79.37638671875004,0.0151014243269164,61.95906509,0
33,39.19179929387001,-108.490777106636,2017,5,57.66740234375004,0.0348481754157925,8.14111013,0
34,40.45839600424078,-108.306143383792,2006,6,72.47433593750004,0.0028377653648858,270.77081801,0
35,40.180680542412674,-108.9592234316345,2006,5,63.08498046875005,0.0158017568231327,48.82090156,0
36,38.49038165106352,-106.98783148464491,2018,10,38.99152343750004,0.0933521219990216,10.12171799,0
37,40.9184357398029,-108.34233505329072,2012,6,70.11359375000004,0.0037034959355587,1153.14387409,1
38,40.72463767353277,-107.94524681804523,2010,8,66.81417968750004,0.047465627721406,539.09170346,1
39,38.20415990995146,-105.17227507257893,2018,7,63.23966796875004,0.1182235081133432,70.23676584,0
40,40.706542596647814,-107.53481480277544,2012,7,71.35329101562505,0.032678834304749,52.61322564,0
41,37.207524014598576,-107.9006884858804,2012,7,71.81032226562505,0.0399369943773141,518.91534532,1
42,38.205196814680306,-108.2796385902708,2008,9,60.22106445312504,0.0212325666019576,412.38775647,0
43,40.669103609368825,-108.05612218270254,2010,8,69.10285156250004,0.0397158463959465,7863.75810212,1
44,40.76431464363357,-107.96664717931776,2014,8,65.80958984375005,0.0783096134816529,19554.00227575,1
45,40.03189654970235,-108.25911409711708,2008,11,36.68351562500004,0.0433945908853202,11.95751475,0
46,40.53494419037366,-108.501801648933,2009,8,71.03732421875004,0.0131764753162744,2065.31121007,1
47,38.65402471072553,-106.84537738074413,2001,7,58.62057617187504,0.0479369954473339,160.81891964,0
48,37.88203745878374,-107.8804144776104,2003,8,52.15885742187504,0.2198583555690013,119.97795594,0
49,37.28685746164012,-103.1735019083116,2002,4,56.75817382812504,0.027129647496168,113.76721783,0
50,37.29023667960669,-103.18533361330935,2002,4,56.75817382812504,0.027129647496168,608.93832575,1
51,40.68940470874433,-106.24239492167555,2015,10,41.72711914062504,0.0458828780674375,213.50641313,0
52,39.29266351429484,-108.17939019444948,2008,7,78.72467773437504,0.0137289946485543,129.80314475,0
53,39.49928662030276,-108.80730203244654,2018,8,73.26359375000004,0.0192574902266555,16.78284716,0
54,40.62934843987594,-108.88997264831028,2018,7,77.86818359375005,0.0165805184556811,54.5308294,0
55,40.0388836120688,-108.40167372943928,2017,8,70.85846679687504,0.0107614771187596,1.85112436,0
56,40.3869900409557,-108.6126313918849,2018,8,73.36906250000004,0.0247404165149026,3.5066579,0
57,40.950642542047646,-106.53754479236522,2016,9,51.54889648437504,0.0413665203019278,38394.88875366,1
58,40.45634545634982,-108.71803942490207,2016,7,74.19655273437505,0.0152470753271627,568.29208701,1
59,40.696729329692175,-107.66602679742616,2018,9,64.13747070312505,0.0043928998802461,38.67187771,0
60,40.924152577322346,-106.86842265475006,2017,9,50.56979492187504,0.1068478000502102,2930.7898372,1
61,40.52044586772475,-108.2757230672991,2018,7,79.19357421875004,0.0102660013249784,27.2427578,0
62,40.10315334812535,-108.30913426808958,2016,7,75.98600585937504,0.023115947528684,1138.93914255,1
63,39.05420603097918,-108.3138912528024,2005,8,68.87477539062505,0.0248077013989561,425.27092952,0
64,39.75447285232701,-106.702036056642,2018,6,60.28170898437504,0.0150016325091652,475.7897044,1
65,40.67648868547385,-108.53742057059456,2018,9,67.36481445312504,0.0021157782894231,8598.50454714,1
66,40.046993959072296,-106.35226177778073,2016,11,33.50055664062504,0.03771433822838,20.39767202,0
67,39.53827411621081,-108.41318825447388,2002,4,45.74020507812504,0.0222474612591904,28.73499401,0
68,38.67980974926506,-108.90517168193524,2004,6,70.36012695312505,0.0126861316534777,72.22864685,0
69,39.09494933700639,-105.52121259954303,2017,5,41.20373046875004,0.0904418565470958,1.12037274,0
70,37.43989194537384,-102.09686220161636,2018,4,53.07072265625004,0.0478759873691597,50628.70916364,1
71,40.05760623264064,-109.00333558445872,2002,6,75.84010742187505,0.003516048260164,674.63804059,1
72,39.53484253235874,-108.70052532139766,2007,8,70.73849609375004,0.0428821294452529,22.00163182,0
73,39.55255723370058,-108.70326869403,2014,6,63.61276367187504,0.0048434391636634,49.01999474,0
74,40.097550057935365,-108.17423900777794,2008,7,74.31256835937504,0.0124318889323854,50.16217818,0
75,39.41483790894735,-107.0635928960708,2003,8,64.77291992187504,0.0447883992865914,10.64198767,0
76,40.38624194883151,-108.48171186925744,2004,7,73.44992187500004,0.0333672525571659,79.23333092,0
77,37.610749242810954,-108.42812579350488,2012,11,33.72687500000004,0.0453131760077085,354.5835738,0
78,40.44382669776292,-108.67241344536671,2002,6,69.80377929687504,0.0090966534727631,4774.17520705,1
79,37.18505002140326,-108.26507932561732,2007,7,71.82482421875005,0.0614214123725309,1289.98666291,1
80,39.947990166175735,-108.2473853492378,2012,7,73.68063476562504,0.0489709748944034,8.05179071,0
81,40.32870298276959,-108.61941611895745,2010,7,77.17165039062505,0.0210930606382084,22.76156593,0
82,37.50234786974725,-107.51690859525986,2003,7,57.34000976562504,0.0839042985392035,1868.386114,1
83,37.57427184239521,-103.8689204181279,2011,6,75.84186523437504,0.0518716429520165,36043.72642715,1
84,40.27485556549858,-108.5865652991062,2000,1,21.56588867187504,0.0411231021491345,97.15254996,0
85,37.902389407354,-108.18825881045726,2003,10,42.81564453125005,0.0381249751647468,343.11385196,0
86,38.12917883495388,-108.1688885240492,2010,5,45.93004882812504,0.0289384561190905,2638.18301015,1
87,38.562197858867755,-107.06745934293448,2011,7,59.06134765625004,0.0461593325230991,57.09031291,0
88,37.563612091590265,-108.472478155099,2011,5,46.42707031250004,0.0682136771589052,9.3823091,0
89,39.2028832601335,-108.2785303890414,2008,7,77.07936523437505,0.0110555840883636,109.24386279,0
90,40.04052854263389,-108.10301759471436,2004,8,66.05568359375005,0.0190870161664293,272.36995916,0
91,38.417823452747065,-108.85361029487738,2008,7,78.56647460937504,0.0428813136209035,12.92360322,0
92,38.597216190148,-108.7363966287332,2014,8,62.27638671875005,0.0950370559443952,35.31156108,0
93,38.068657089424704,-104.93010326500053,2016,10,57.73068359375005,0.0022558226456811,5218.87447709,1
94,39.805949942936614,-108.2520466901012,2013,5,52.34958007812504,0.0624890789486351,9.39755763,0
95,38.254523034423,-108.19371846735145,2011,8,64.10099609375004,0.0616217797494027,890.07634123,1
96,40.45312413237531,-107.65151254764278,2013,8,70.84308593750004,0.0100650999956531,35.79441051,0
97,39.8589092250765,-108.82568253979429,2000,1,21.46745117187504,0.0471567557060625,82.97004865,0
98,40.28659569522227,-105.41757916960869,2002,7,66.65026367187505,0.0917575153922895,4365.94030068,1
99,39.9989804835596,-107.2487534605894,2002,9,43.01559570312504,0.1620726185767911,17041.21300354,1
100,40.65327994175153,-107.6744157174062,2002,7,74.21940429687504,0.0119863949840335,39.46779556,0
101,40.6525496017849,-107.9845459976784,2010,8,68.02355468750005,0.0431448753018747,75.25577872,0
102,39.76179601601055,-108.26932572837364,2014,6,65.41979492187505,0.008911927694478,12.60272947,0
103,40.32580584931979,-105.77051331676752,2013,6,51.03693359375004,0.0266108611257514,651.74859807,1
104,40.76400910606728,-108.92718245856815,2000,1,20.88737304687504,0.0230151015558745,24.39395937,0
105,40.01395624294254,-108.68890914857536,2010,9,63.49103515625004,0.0177545905267063,18.92444131,0
106,40.578909405442296,-108.64877988976804,2012,8,74.00758789062505,0.011434465749422,66.06460302,0
107,37.196626057941806,-108.55741174895326,2000,12,26.21793945312504,0.0301375872891629,5281.82276281,1
108,40.48006542489387,-108.07860009731615,2009,7,73.25875976562504,0.0198811077343299,55.62874773,0
109,40.45702842608668,-108.19844701495327,2015,9,65.72697265625004,0.0257183538707788,699.49878563,1
110,40.48721881661315,-108.10269372631548,2006,8,70.95470703125005,0.041473411624832,2204.8074549,1
111,38.71728112407894,-107.78042251686524,2011,7,71.09181640625005,0.0208578511450206,44.36012161,0
112,39.26642105988336,-108.69950556049508,2017,6,75.39845703125005,0.0021708461465532,19.23653727,0
113,40.05643369120581,-107.92229379617076,2001,6,62.81164062500004,0.0137925922815455,101.59499833,0
114,39.032367412915775,-104.67193837719176,2013,6,65.69708984375004,0.0450765777798136,13121.09726788,1
115,40.09882439678904,-108.12335102757086,2001,6,65.49054687500004,0.0081671075631631,29.32905072,0
116,39.552320808305545,-105.43430353673622,2002,5,43.12194335937504,0.1115322267982643,200.34263612,0
117,38.68096799696622,-107.79327766776484,2000,12,21.74606445312504,0.0315479184251511,27.13218215,0
118,39.157416722007,-108.99569260616884,2018,7,83.62677734375004,0.0038171384341185,8.92414133,0
119,37.105100728739785,-107.97207345611288,2016,7,73.78874023437504,0.0218012420063256,78.67597671,0
120,40.02095250706668,-108.1894416917657,2002,6,69.64206054687504,0.0092823314280627,15.63591295,0
121,40.095768439621814,-108.1292024585373,2015,6,68.32194335937504,0.0381521540321176,0.99576943,0
122,40.136048713574226,-108.37871230738058,2000,5,58.28571289062504,0.0469598853740142,49.84527652,0
123,39.77240514486863,-108.39574379124,2001,1,14.39005859375004,0.030035792576801,21.00012743,0
124,40.72462059370051,-107.70756837455404,2002,7,74.21940429687504,0.0119863949840335,14.51833509,0
125,40.47235606780665,-105.2954393437774,2000,12,21.64762695312504,0.029536260577687,7532.31668611,1
126,40.49222179321588,-105.25565669765066,2016,12,20.34333007812504,0.066250427945028,0.2514465,0
127,37.13840500177396,-107.22021122182451,2003,7,71.36032226562504,0.0220618039286637,2131.21046188,1
128,40.67595596554257,-108.56920776797118,2009,8,69.53615234375005,0.0136628166273119,130.96636428,0
129,40.52448786173075,-108.11693690172685,2015,8,71.84372070312504,0.03318662537958,18.52021026,0
130,40.96177035342732,-106.14434594494986,2010,9,51.88947265625004,0.0075830758695665,42.5785359,0
131,38.334573169230985,-108.58213614532754,2010,7,75.96227539062505,0.021182819649775,150.2795926,0
132,37.5612332999144,-103.76173249871852,2008,6,73.54528320312505,0.0586593382053775,45838.97528785,1
133,40.04647118329818,-108.61657680673667,2001,7,71.03424804687504,0.0248319675900682,413.66733896,0
134,39.62951443652515,-108.72064399314856,2012,7,70.70290039062505,0.0565588380029192,514.13511429,1
135,39.71396132470902,-107.78447027170128,2013,6,61.97755859375005,0.0037234853508503,366.08601739,0
136,39.81223491364963,-106.21366495512672,2015,10,38.12360351562504,0.0696810426668264,238.55228562,0
137,39.56228214050414,-108.44347606940664,2003,7,73.75446289062504,0.0141503977163636,5256.21427449,1
138,39.76901952654434,-108.6751126729109,2002,6,68.52057617187504,0.0236757451141485,35.33125232,0
139,38.61633171476105,-108.4960027194968,2016,6,67.01281250000005,0.0114508876519161,12.50306254,0
140,38.60379987331729,-108.5039105335181,2012,5,54.55563476562504,0.0116229269032395,168.04499223,0
141,38.66440007398365,-105.35731465766273,2018,1,26.97248046875004,0.009862550976139,24.85936177,0
142,38.33589544591265,-107.7114251981545,2010,8,61.03449218750004,0.0934803164206678,88.18487585,0
143,38.35008097676535,-108.42415945817588,2002,12,22.93083007812504,0.028210326012317,2240.50192266,1
144,40.409286258751266,-108.41555521234736,2006,7,77.68141601562505,0.0368762918320135,446.66560587,0
145,39.62257447339127,-106.10820375409428,2018,6,53.86217773437504,0.0441739002201706,81.53148696,0
146,39.164161473195136,-108.0829296689668,2012,7,74.20446289062505,0.0530902095330646,20.9214179,0
147,39.15143134408543,-108.07964951667418,2018,8,73.02101562500005,0.0244350598775141,11.59282182,0
148,40.28339219231678,-108.99279054064236,2015,7,71.35285156250004,0.0304368229522893,33.30924777,0
149,38.503685329651205,-108.65578005756544,2018,9,64.46090820312504,0.01499795671631,36381.24196962,1
150,39.80886254764467,-106.91922926342455,2003,7,69.57790039062505,0.022461026199063,25.62248596,0
151,38.50830054140196,-105.61147361512003,2013,6,62.82833984375005,0.0272532540516695,34.26716235,0
152,39.43392314084928,-108.73642093744512,2009,7,73.91266601562504,0.0218710591541603,382.18519604,0
153,38.069322638347224,-108.4081372512265,2002,7,72.04674804687505,0.0262170104628661,30485.51727697,1
154,40.70397413810736,-106.6975117386266,2002,8,54.08366210937504,0.0325774154215818,14107.71994459,1
155,39.41129420439331,-104.72436515026187,2011,3,39.29079101562504,0.0368395980694214,1663.71518922,1
156,37.09350187474611,-107.09263433936626,2012,8,66.28375976562504,0.0582657900391612,168.94595516,0
157,38.43520311940219,-108.61371368548735,2003,1,30.55666015625004,0.013874358047801,22.0475447,0
158,37.51520368042302,-108.09742775455187,2018,7,57.35099609375004,0.1741639054265804,4588.66631867,1
159,38.12103537565624,-106.8102943688446,2002,12,9.37106445312504,0.01689042400131,14.07851346,0
160,40.72480270982835,-108.9178636457744,2000,1,21.34440429687504,0.023744906852534,10817.31877443,1
161,40.62964028589611,-107.6396488068133,2009,8,66.16818359375004,0.0223776539921644,116.93458611,0
162,39.95383173654397,-108.4908271148863,2003,7,76.19782226562504,0.0063513363606631,23.77345787,0
163,38.65158902416719,-107.7990083146704,2018,8,70.29640625000005,0.011393310160964,745.84337535,1
164,40.53905651166225,-107.5671617791079,2015,7,67.43996093750005,0.0677223034032853,29.22785738,0
165,40.39173365576559,-108.49805395039104,2016,9,62.82702148437504,0.0418534482731716,2.89645681,0
166,39.56107632363283,-107.31213689936148,2005,9,52.28322265625005,0.0476654542709002,35.20929583,0
167,40.58219476442733,-107.6250549885977,2017,9,59.19713867187504,0.0477992769639007,25.32456601,0
168,40.57180694066608,-107.60796140754412,2018,8,70.31750000000005,0.0192026374973647,4.81201107,0
169,37.06842943084856,-106.19508633474874,2018,5,52.93888671875004,0.0338361430187069,11.12994502,0
170,40.56860282437567,-106.61530467668604,2018,7,61.46076171875004,0.0257752438693016,43.48175733,0
171,40.33452467287151,-108.2032713089452,2018,8,71.10500000000005,0.0223911357187025,299.45720176,0
172,38.97564662132767,-108.99385377954644,2002,8,70.75827148437504,0.0187879672720795,20.79560166,0
173,38.93995134543304,-108.99507056140564,2005,9,59.59220703125004,0.0908122591348597,9.3096167,0
174,38.33462027523359,-105.0357628230126,2010,11,40.47116210937504,0.0067902475690047,1033.65770615,1
175,37.44487873535715,-104.85244901689606,2018,3,36.03971679687504,0.0169787220914644,67.73445314,0
176,40.30760185429765,-108.26035798281352,2018,7,78.50802734375004,0.009468729531682,63.51675163,0
177,40.53931832329005,-108.39521911915364,2017,6,71.55939453125004,0.007285936485439,54.91457661,0
178,40.43899778570247,-108.53582667350868,2018,7,79.59435546875005,0.0136014579279988,8.51194062,0
179,39.92301750355067,-107.5889590754328,2018,8,63.82062500000004,0.0364838871948712,5964.49514408,1
180,39.401056034711864,-107.89983499110252,2018,8,63.89796875000005,0.0259225368306331,2680.5263968,1
181,38.46506926402665,-106.44936352427192,2000,12,11.70192382812504,0.0316775703307474,17.0025662,0
182,38.0788811266055,-108.37602814207578,2001,12,18.00368164062504,0.0473548635244835,121.34874827,0
183,37.58008786055592,-103.6493371556962,2011,6,77.13913085937504,0.0542669765744125,9102.06293429,1
184,39.02818490257606,-108.40875179513684,2016,10,56.17677734375005,0.0464251766789355,43.96794594,0
185,38.8263177312837,-105.36463732360954,2003,7,67.64430664062505,0.0456951147184358,499.6933024,1
186,38.41877412212582,-108.56634863399276,2004,10,46.83708007812504,0.0564248411451699,4180.77995458,1
187,38.36025455761161,-106.77594377844144,2003,7,64.57165039062505,0.0166269837773346,18.10763505,0
188,39.99778532396251,-108.47712818858028,2014,7,72.61408203125004,0.0427617816038662,319.25378722,0
189,38.4344756121548,-108.95129232158833,2001,12,19.68415039062504,0.030517424564698,230.22961857,0
190,38.44046061650095,-109.0175655390548,2018,8,74.13546875000004,0.0177248404376499,11.60656997,0
191,39.517451682659875,-108.4664895618239,2003,7,74.94625976562504,0.0146056460364663,108.91244482,0
192,39.61024516879453,-108.55758397118127,2010,7,68.84313476562505,0.0491360051604104,31.31649859,0
193,37.38093523334024,-108.46442350450752,2010,2,22.52916992187504,0.0765966481782961,118.65566389,0
194,39.76511555987399,-106.81859614931986,2017,12,21.67487304687504,0.0364070438744092,1.99965211,0
195,37.10219078239406,-107.09456585504196,2013,7,66.96227539062505,0.0846223706317367,26.3332852,0
196,39.75668082036478,-108.59515834647964,2012,8,68.57594726562505,0.0511038422404322,38.9668941,0
197,40.56115545478079,-107.6108843208094,2011,8,69.80333984375005,0.0250042096516583,68.22322858,0
198,38.89602372740657,-107.851931377247,2007,7,73.32951171875004,0.0234753502375795,33.11465109,0
199,39.01896729300322,-105.25983968084245,2002,4,43.41989257812504,0.0244122374205035,100.12711869,0
200,40.121344498319445,-108.75347419425462,2015,6,75.99303710937505,0.0272455541364615,5.19246946,0
201,38.81453980821638,-105.30280519162912,2018,7,65.37716796875004,0.1467393007618375,1423.98356512,1
202,38.89243577077277,-108.29777339253452,2007,8,72.78107421875004,0.1058513026903849,105.32143721,0
203,39.47657766499717,-104.93767669621371,2003,10,53.33439453125004,0.0095159023976273,1042.65290312,1
204,40.61053248249284,-108.17907723818033,2011,9,63.30470703125005,0.0217765999860188,52.98551081,0
205,40.38926608162998,-107.801176368313,2008,7,74.21061523437504,0.0094047228406954,341.44337645,0
206,40.8012211533257,-109.00303572209668,2005,7,75.53556640625004,0.0168526313966518,4.65271051,0
207,39.20098994753489,-108.52997140937237,2007,6,72.59386718750005,0.0053467111215926,3.1949406,0
208,39.94114468451268,-105.94910871641116,2010,10,33.42321289062504,0.0815469144989037,471.85380764,1
209,37.1591370294837,-106.84803550847536,2012,10,41.65680664062504,0.0260126395884144,49.09494566,0
210,40.2513357265238,-108.22971070356688,2000,1,18.49674804687504,0.0448118748614098,661.11898323,1
211,40.30782649760772,-108.22327383515878,2007,7,75.67091796875005,0.0209811643704189,10.6522728,0
212,40.281771536127536,-108.20680994508938,2013,7,74.35915039062505,0.0192514105019392,2007.55903843,1
213,39.38197278355866,-105.736707371951,2017,6,52.63126953125004,0.0638358720343094,3.33228885,0
214,39.27460879192589,-107.99568462874385,2008,7,70.33991210937504,0.0224262322072172,147.00118262,0
215,38.983743278354176,-108.19449757991266,2008,7,64.87311523437504,0.0204398007486248,1402.73831824,1
216,40.28449499316598,-108.40307560172144,2011,9,64.15548828125004,0.0257600227869174,65.50015333,0
217,37.331043673992504,-106.88197953091132,2012,11,29.66984375000004,0.0526657883734908,127.66734846,0
218,40.258410243450086,-106.37204898817043,2010,5,35.54840820312504,0.0891764304820681,342.42518249,0
219,39.570633290818286,-107.37139632219812,2002,6,61.48932617187504,0.0075713369363365,12206.53851888,1
220,40.20312881165035,-105.34571199892612,2011,7,69.05626953125005,0.1069707695293938,29.82143784,0
221,40.51820794249319,-107.27444982202084,2013,8,67.19035156250004,0.011185034329514,1010.31473543,1
222,39.98078668962092,-105.47896440236048,2016,7,59.72272460937504,0.0698187932332395,527.54675693,1
223,39.60007467305369,-107.10246452037912,2011,9,54.61056640625005,0.0696844434627099,188.11909494,0
224,39.85223409025328,-108.17525165536148,2013,6,69.32873046875005,0.0022339550870092,379.61720028,0
225,38.57062835320696,-107.34563948008766,2005,10,36.34909179687504,0.09683004536652,279.38322438,0
226,38.60487061393996,-108.98999876013254,2000,7,75.72409179687504,0.0215172663834877,4463.48406246,1
227,40.6921814624062,-108.8331591240551,2012,7,76.69352539062504,0.0144263686356833,68.43385499,0
228,40.753658090429205,-107.67091800023891,2008,10,43.98283203125004,0.0362818629612447,167.98078261,0
229,37.8616776668788,-106.3504462882795,2006,6,56.38683593750004,0.0310476141428749,227.31264909,0
230,37.87467225389885,-106.42701311921176,2002,6,57.74870117187504,0.0144050483496306,178.86119471,0
231,39.91429743946846,-106.68626160723196,2014,6,56.07526367187504,0.0316318108346546,0.33379617,0
232,39.24055457994573,-108.42129023106108,2011,8,76.39162109375005,0.0115497456257842,1742.00701699,1
233,40.649498048194296,-107.5842832332654,2008,8,68.15758789062505,0.0250881639354804,578.00731075,1
234,40.38850004846746,-102.26265910970696,2018,4,45.75822265625004,0.081695477029588,1780.32903932,1
235,37.22206398165642,-108.27612440323118,2002,5,57.95084960937504,0.0043323928121797,308.62708977,0
236,39.569907960743464,-108.79120425944764,2007,6,66.93371093750005,0.0149520986796356,0.51182137,0
237,40.47019415715966,-105.55538401454436,2010,10,37.51891601562504,0.0823875985745573,1200.64514231,1
238,38.413389844859886,-106.65276124044613,2018,5,50.26701171875004,0.0290073428605042,15.77651603,0
239,40.25176937401721,-108.0752067274626,2012,5,54.47125976562504,0.0187666882355726,105.16828927,0
240,39.367529217717475,-108.19264506141523,2017,4,47.45539062500004,0.0454035858454415,5.11028433,0
241,40.11700763111292,-105.99528418708704,2007,4,33.92418945312504,0.0743671652295393,78.76736679,0
242,40.150903557602504,-108.22181654126476,2000,1,19.51979492187504,0.0467465335567947,37.85533648,0
243,37.24000130800551,-108.24157050920232,2011,7,73.19416015625004,0.0240765623669838,10.0698132,0
244,40.71525057856503,-108.96659104850266,2015,9,63.89884765625004,0.0215413332017953,2.76106424,0
245,38.139052803044095,-108.21373757882957,2005,9,56.93087890625005,0.092195017241151,548.97633197,1
246,38.546361620009854,-105.48985488677474,2011,10,41.90465820312504,0.0502637631581164,12.20128487,0
247,39.69833170599582,-107.2280496236596,2003,7,63.44665039062504,0.0501739720635698,11.13853061,0
248,40.22675563472281,-108.3255581767008,2003,1,23.93322265625004,0.02104745239045,29.07996278,0
249,40.225608110801254,-108.3286850061581,2009,7,74.76696289062505,0.0145471931384876,86.81462284,0
250,37.65736780842225,-108.92708260954184,2004,8,68.85763671875004,0.0370713792670285,33.73095102,0
251,37.604382731671336,-108.95011749657822,2000,7,76.62760742187504,0.0084840220941085,22.67441391,0
252,37.65932696152315,-108.907806336063,2012,1,28.15548828125004,0.0336538177348207,53.13317436,0
253,40.06515406693288,-108.29723587103264,2001,7,74.67291992187504,0.017614287071739,19.56278367,0
254,40.64738399029805,-104.34940565807791,2010,11,37.00124023437504,0.022275144287676,177.50939749,0
255,40.557477811755874,-105.31417940500693,2011,4,37.17790039062504,0.1237720028462121,2939.18761195,1
256,38.51249990397394,-107.5758124564737,2003,11,24.15558593750004,0.0790584944015834,297.8859184,0
257,40.18714385761769,-108.8312651379748,2017,8,76.82448242187505,0.0144078636311285,18804.40203194,1
258,40.592116680465246,-107.10299699478225,2017,9,55.63581054687504,0.0572738392959348,4222.07207107,1
259,39.72707482931148,-107.59778076933462,2001,1,14.70998046875004,0.0345436896021477,749.54758313,1
260,38.90503550689,-108.21242151651002,2001,7,68.33424804687505,0.0563262363976799,125.77195564,0
261,39.750294375972786,-108.0082931925842,2017,7,68.50343750000005,0.0427692706880625,56.06363605,0
262,39.24722700454923,-108.3758541452186,2004,9,59.82204101562505,0.1189202129411744,449.14091167,0
263,38.964362754578275,-108.82993933996484,2002,6,69.32565429687504,0.0082386629210232,2465.85921258,1
264,40.24466812626049,-108.97617009117052,2018,6,75.17038085937504,0.0021722537873021,16.62571216,0
265,40.787836740394575,-107.78166969885191,2018,7,74.50021484375004,0.0066254808417623,19935.97662539,1
266,39.660268708826194,-107.03517964339136,2004,5,51.70929687500004,0.0430261499426211,13.69881219,0
267,39.98574420303528,-108.84958784317332,2017,7,78.29796875000005,0.0242484079746063,111.88409654,0
268,39.97060860631509,-108.85586013860144,2017,7,79.21554687500004,0.0241381158558186,77.08190837,0
269,40.71615075618607,-107.74872440083828,2018,8,69.78312500000004,0.0175896152600937,58.27773897,0
270,40.44315358002037,-107.78464023702956,2017,9,61.46471679687504,0.0427029597516171,26.36500093,0
271,40.272425309005634,-108.13483242227376,2010,7,70.40407226562505,0.0161381285356474,39.93226631,0
272,40.48425220966798,-108.39583688250076,2003,7,80.95094726562505,0.0040792013815938,21.49031356,0
273,39.17875703414545,-108.56607101108244,2004,6,72.25856445312505,0.0036627110201021,0.67121362,0
274,40.78207147414574,-108.94865641890344,2001,7,74.67643554687504,0.0153673784815415,892.03469936,1
275,38.250485401025855,-105.37937949734297,2018,3,35.19948242187504,0.0137834772777539,1.33984412,0
276,38.22888149671641,-108.2714386070192,2006,8,66.14533203125004,0.0675621909997891,10.72009122,0
277,40.46889842146626,-108.10822478641671,2009,7,73.25875976562504,0.0198811077343299,13.28414877,0
278,40.2410384566665,-108.21026710406956,2015,8,71.00700195312504,0.0310529422092018,13.94731845,0
279,39.4695454411618,-108.85083414105192,2018,8,73.37609375000005,0.0180953163579397,9.55301403,0
280,39.86155810982135,-109.03781124545576,2009,7,75.75133789062505,0.0063474434347823,83.24911775,0
281,40.22318499461735,-108.75798641956035,2005,8,73.82477539062504,0.0226253254314535,26.63193248,0
282,37.2258227292739,-107.29716424413184,2003,7,69.60954101562504,0.0183209651230776,234.01591883,0
283,37.21651277604809,-107.3085910611863,2004,7,64.30929687500004,0.0383884772630408,59.4622509,0
284,40.25172102331126,-106.33866927435406,2014,10,37.20075195312504,0.0587527455101022,14.68617495,0
285,39.151737398473685,-106.77109876273391,2009,8,55.25919921875004,0.0564972249314072,0.07861572,0
286,40.402118020937266,-108.50308344505282,2013,6,72.75646484375005,0.0009157296034129,65.15160784,0
287,38.11216660540367,-105.0784628708973,2012,8,61.41813476562504,0.0606904566718731,71.04984931,0
288,40.83651647937912,-107.71414012953204,2006,7,72.49938476562505,0.0332375319023267,3477.133112,1
289,40.2516747950282,-108.43058381800648,2012,8,75.48766601562505,0.0100863205953035,410.36825003,0
290,40.82185836165633,-107.87878451636958,2014,10,47.50856445312504,0.017305199642101,4.78244002,0
291,40.22619438036797,-108.61875082501594,2005,6,64.58791015625005,0.0602707792100613,14.87686812,0
292,40.20535393268739,-108.54464441544832,2011,7,74.82541015625004,0.0291893060650443,10.93295945,0
293,39.51837225658876,-107.60767542931174,2017,6,70.19533203125005,0.0037630419465,20.53282599,0
294,37.73106576075647,-108.7013922519062,2011,8,69.21271484375004,0.0522833225852344,78.92803784,0
295,39.15501946987052,-108.9775392982543,2015,8,76.76208007812505,0.0198665053951321,43.52664066,0
296,38.9243390760915,-108.88037686682168,2008,9,57.15192382812504,0.0297749258661526,22.33415057,0
297,38.8350630754955,-108.28429934180616,2008,6,70.49020507812504,0.0174177146530768,95.00689572,0
298,38.726646896098686,-108.5862938571436,2009,7,67.74977539062505,0.0417735066534951,2598.19740955,1
299,39.66927524909967,-107.0094590471208,2003,7,72.60485351562505,0.0294279094791912,1232.34085,1
300,39.84788087090959,-108.73392615763228,2009,8,68.33029296875004,0.0142565167561057,19.79826441,0
301,39.68546185321972,-108.79523523808302,2006,6,69.09933593750004,0.0189627072228293,16.25348269,0
302,40.68221090947157,-108.83242540238494,2012,7,76.69352539062504,0.0144263686356833,27.13156551,0
303,37.608307211257575,-108.52958797903094,2010,6,62.69166992187505,0.0175014386269351,25.55167208,0
304,39.40364402562719,-108.0323542214812,2008,7,69.18327148437504,0.0158468379933619,7.65793104,0
305,38.40515754534978,-108.06536895883802,2009,8,63.24318359375005,0.0237146526023629,178.4062359,0
306,38.18289269923299,-108.609194683713,2011,7,74.57228515625005,0.0316702920775627,25.67442101,0
307,38.53935355343847,-108.06001636675435,2011,5,49.27121093750005,0.069062281147344,10.59742477,0
308,38.582009404735494,-108.33236528838256,2005,9,60.90001953125004,0.0659607461350271,29.620505,0
309,39.968570078008305,-108.12840811914188,2006,4,42.13844726562504,0.0580931652734521,63.45735005,0
310,38.20689002641117,-108.27751240452994,2002,12,24.25973632812504,0.0321858289004303,12.37926681,0
311,39.9785864986429,-108.42641337574464,2009,7,72.21110351562504,0.0120462606789544,330.35413189,0
312,38.25220148540208,-105.6637423742428,2011,6,60.69655273437505,0.0137469427842414,4613.77409399,1
313,39.90358164253955,-108.24328228858006,2012,8,71.20563476562504,0.0376734301371965,1.64251087,0
314,39.56157091352716,-108.86494479834263,2004,7,69.57921875000005,0.0407157583015039,17.14343981,0
315,38.546680793813714,-107.28279911115727,2012,8,62.30758789062504,0.0729804013340268,137.59701482,0
316,39.43258646823337,-107.50257793549298,2003,9,49.72252929687504,0.0498771999149816,13.26358274,0
317,40.22916248667606,-108.38596992241686,2010,7,76.38063476562505,0.0156611737879109,751.44031054,1
318,37.37814361546141,-106.888214081806,2012,4,38.09108398437504,0.0638657504552858,24.45952966,0
319,38.207508596620386,-107.48813233807547,2013,7,55.19899414062505,0.1340355864894809,349.54923519,0
320,40.09058326719822,-108.4512996186008,2001,7,73.14713867187504,0.0146311199226125,1131.25945426,1
321,37.43304465035573,-104.8814340877978,2013,6,63.23263671875005,0.0640873017655452,13495.91708629,1
322,37.878709978170576,-108.79885992857687,2017,7,72.76789062500004,0.0536301110876258,662.71438897,1
323,40.175749973247285,-108.16358323998725,2013,7,75.43844726562504,0.0226616662812652,646.34956369,1
324,39.45478828224025,-108.65617261539737,2010,8,66.65246093750005,0.0461764419180224,46.23372309,0
325,40.66212047077023,-108.94633064905788,2001,7,74.96471679687505,0.015803853675042,2028.82480141,1
326,40.65005603190561,-108.94544357802688,2015,6,71.36647460937505,0.0302149347707396,526.75166492,1
327,37.17552827573621,-107.37466933930868,2017,8,63.40534179687504,0.0272079093426757,5.00164219,0
328,40.34111510367009,-108.42951135908584,2014,7,77.24416015625005,0.0428239675857359,437.47972933,0
329,37.26086141464083,-108.5867472422272,2012,7,73.22360351562504,0.041503670458286,41.27441045,0
330,37.3632069712787,-102.75318823006084,2003,7,81.61891601562505,0.0304401916651928,153.36935991,0
331,38.851838072665075,-108.5338471794251,2006,6,74.33761718750004,0.024110943863372,37.15846543,0
332,39.75509843106104,-108.40662671501602,2018,7,74.55646484375004,0.0430441714108339,1117.47478537,1
333,40.84552863043747,-107.57032324222878,2018,6,65.99811523437504,0.0110607425732247,260.68783727,0
334,39.255007704030945,-106.5740776955959,2005,7,54.17111328125005,0.0396291261009173,31.06833927,0
335,39.962888716257616,-108.4706461938671,2001,7,70.67213867187505,0.0254925469823821,27.86151093,0
336,39.85273973344181,-108.31008407356724,2003,7,78.06461914062504,0.0110358186810219,21.47062665,0
337,40.35563481949954,-105.65037156486322,2012,12,13.10553710937504,0.0585525752143934,3497.6369525,1
338,40.77788724402597,-107.64529984189817,2002,7,72.62331054687505,0.0128317723413376,33.98559479,0
339,39.95892236343361,-105.30028296833508,2012,7,70.35485351562505,0.1288465219652047,264.96737649,0
340,40.63289677167347,-109.00024744055266,2006,6,70.20324218750005,0.0082388525543516,146.01713324,0
341,37.70774221642604,-108.6038133783059,2013,8,64.00167968750004,0.0735813338831765,0.70902854,0
342,40.26927665437769,-108.62118289028405,2006,8,72.36798828125004,0.0391264774694573,48.22469685,0
343,39.2828516319381,-104.45083766994252,2018,3,39.17565429687504,0.0313639225346618,352.83960323,0
344,39.90199028055181,-108.4632811252182,2011,8,69.65919921875005,0.0549573198056314,2.75364593,0
345,38.07715805007112,-103.07431626734028,2011,4,56.59821289062504,0.0346169579619774,17186.9543936,1
346,37.10253115414523,-107.4156611016581,2016,6,69.32257812500004,0.0058254029335337,1.40457076,0
347,40.93768850859886,-107.62705749052866,2006,6,67.37316406250005,0.0071855041539078,386.38130416,0
348,40.86467015967049,-107.68619052442112,2015,8,68.82028320312504,0.0432543011802015,1025.51172599,1
349,40.96340701410903,-107.5741989054678,2011,10,45.91247070312504,0.0506028527573682,280.52640826,0
350,40.05086993420461,-105.3842523733448,2010,9,59.26876953125005,0.0050026509520772,6179.20833649,1
351,40.20493446726721,-108.63013263014656,2015,8,73.93903320312504,0.033845444791275,20.64922899,0
352,38.60193460808707,-108.74358944611508,2013,9,56.41627929687505,0.1094005786054767,105.47459855,0
353,39.555266870110536,-107.82770717723356,2009,5,53.58795898437504,0.0835783812948968,4.81599159,0
354,39.36835521434223,-106.76443433068772,2016,10,38.58107421875004,0.0462450719955959,344.31218783,0
355,39.0374755131342,-108.40206817833185,2008,6,71.47106445312505,0.0186285813189169,73.81725942,0
356,40.44189945595319,-107.73949757057028,2003,7,77.05915039062504,0.0036045932746827,36.12228906,0
357,39.77817376127681,-108.48122161588094,2000,7,70.67916992187504,0.0223526705172844,17.09617333,0
358,40.2511090742544,-105.8505513505646,2018,6,54.58639648437504,0.0349111199309758,17.13311925,0
359,40.037145193381505,-106.46995037796538,2016,9,52.78991210937504,0.0362561232446925,8.66775541,0
360,40.63213827444251,-108.96923506257856,2016,8,70.24982421875004,0.0115899960158771,75.17090449,0
361,40.54542826482105,-106.974460124026,2000,1,20.91549804687504,0.0994553131235297,7.29893263,0
362,38.85956247891865,-108.5187179456631,2016,7,75.41295898437505,0.1235697792397812,33.03438753,0
363,37.62161445081553,-107.74223213675808,2012,10,38.08141601562504,0.0255389114718127,141.11616151,0
364,40.64656061496393,-108.15721349604247,2015,7,71.97863281250005,0.0388052351736696,1.04888429,0
365,40.86549444886984,-108.90105863774625,2006,7,73.42399414062504,0.0246851994146243,853.32940532,1
366,37.39116998642756,-108.80142102731764,2007,7,76.29318359375004,0.0302451156883849,139.44718137,0
367,39.998852347434024,-106.49840965728274,2010,5,38.28708007812504,0.0570339090213994,20.72625266,0
368,37.98491439197052,-108.27897093611756,2010,6,59.14791992187504,0.0349845005812356,270.9899707,0
369,38.19493937949007,-108.33346028658852,2009,10,43.48976562500004,0.038815804223949,789.13943396,1
370,39.89830338446323,-107.95820373152635,2009,8,64.83576171875004,0.0110034859120729,8.92537649,0
371,40.06984691233943,-108.08420529053906,2009,9,60.86134765625005,0.0291133656513062,1.02286566,0
372,40.1132885034048,-108.44520431869726,2012,9,63.33327148437505,0.0327187363653443,2.00011479,0
373,40.85466619292277,-108.02589201565549,2000,1,18.08893554687504,0.030194649160793,2552.17842044,1
374,39.99510791021063,-108.16718256155458,2004,6,64.25700195312504,0.0232055369587847,7807.8131232,1
375,40.09477654231191,-108.45857294946964,2009,7,72.88961914062504,0.0102944933028891,8.02769831,0
376,40.29887820220734,-106.67087243788338,2002,8,56.69928710937504,0.0751812662645941,4144.24088745,1
377,38.35824537342291,-106.52114215230992,2018,8,59.84445312500005,0.0443741713481023,74.31374651,0
378,40.707198160369586,-105.29670464007488,2011,3,34.54469726562504,0.0604019252658705,16.58882351,0
379,40.61336583656638,-108.64454539608884,2010,6,65.42682617187504,0.0549124677995452,21.17060703,0
380,39.17670803371097,-108.15160661903444,2008,6,67.74801757812504,0.0183229313514253,11.87537847,0
381,39.60008437831438,-105.97256808959092,2011,6,45.71647460937504,0.0335707778159296,16.8714097,0
382,40.458435044435795,-107.21001458633782,2012,8,67.00797851562504,0.0096668585477862,9.81514956,0
383,39.288706525398986,-105.85042730202856,2017,3,25.54733398437504,0.0347594888924155,517.47394438,1
384,39.881235500405865,-106.49894856771778,2017,7,61.65851562500004,0.0427722039890941,981.11648268,1
385,39.21236338917103,-108.52785413502993,2016,7,77.28678710937504,0.0186854907963919,117.07104771,0
386,39.31330401128444,-108.44517272850412,2002,7,76.39206054687504,0.008039931776133,11.34134929,0
387,40.495349787794346,-108.55881869691768,2016,8,70.32013671875004,0.0131783785244828,353.29634713,0
388,40.33923989641288,-107.31405227010582,2018,6,61.50866210937504,0.0302005318043462,4.94855665,0
389,40.271527520358845,-108.6242946093251,2017,8,74.70104492187505,0.0184763521619432,175.65693443,0
390,40.449877713636454,-107.8165952591616,2016,8,69.84201171875004,0.0245264390795724,148.35977371,0
391,40.49257776781474,-107.6596939323094,2017,8,69.61041992187504,0.0160657653741829,192.66158536,0
392,39.800828816406565,-108.30581493122352,2017,6,69.81916015625004,0.0083554180415565,1061.3515874,1
393,39.32681183888805,-108.56248197387364,2002,4,49.16090820312505,0.0146912778018158,19.45917662,0
394,40.41230571579537,-107.98007944259888,2011,9,60.40080078125004,0.0291491587988159,1.64755211,0
395,38.55644930645644,-108.48921597096876,2000,5,54.44313476562505,0.0386199238809989,1494.15894677,1
396,40.177817501314706,-108.60454742866722,2005,7,79.75080078125004,0.0056480081161862,104.74361995,0
397,40.53254407121581,-108.37957748953536,2002,8,72.55475585937504,0.0129671247049933,593.10426511,1
398,40.82107405290963,-104.59955880134028,2010,11,35.936005859375044,0.0211537433032994,23.95932888,0
399,40.11866514216776,-108.5756375718868,2015,6,71.18014648437504,0.0283883682183688,7.11569282,0
400,39.292067931643075,-108.63596465450829,2017,8,71.83932617187504,0.0126616695270233,21.17811115,0
401,40.05765933092409,-108.22035526367914,2000,1,19.81862304687504,0.0486505392563995,94.67651268,0
402,40.25419972326379,-108.97910743041834,2000,1,22.77174804687504,0.0326408755560871,78.26530894,0
403,40.27640389092742,-108.92787337441727,2006,6,70.42824218750005,0.0094409193170969,49.49818754,0
404,38.492693665130695,-106.93913716601467,2007,7,64.02365234375004,0.0428486302308156,20.09033506,0
405,40.181336203404115,-108.64769410281998,2006,6,74.21105468750005,0.0055240824496155,177.19954171,0
406,40.14183831652485,-108.47855136554205,2015,8,70.75387695312504,0.027017306649941,111.80899153,0
407,37.55903719728226,-108.35214694503313,2015,7,63.50246093750005,0.0909156213299604,11.01688819,0
408,38.29786320624825,-105.76533388260287,2016,8,57.96974609375005,0.079812416932662,16574.31999052,1
409,39.14793689546871,-105.27215915727064,2002,6,62.67760742187504,0.0596919885004172,137894.51896348,1
410,40.81147162880135,-107.55043567632111,2015,5,47.31168945312504,0.1255069312410429,1.58899392,0
411,40.06355814427309,-108.48778744595823,2012,9,62.61608398437504,0.0304627345419488,23.05177484,0
412,40.7201806511244,-105.27182049479786,2012,5,54.08805664062504,0.0571333845926332,7691.38093437,1
413,39.42051556659752,-108.43277184611476,2003,10,52.86330078125005,0.0079345598114974,1.68109333,0
414,39.40171809450384,-105.35992262207182,2000,12,13.80426757812504,0.0235951526683056,11472.66045173,1
415,40.64035674209632,-105.3525987396292,2012,6,60.85695312500005,0.0644116790268104,87572.61994005,1
416,39.64312180878361,-107.86911817403956,2008,6,59.30700195312504,0.029915337028267,12.94662955,0
417,40.022014999523385,-107.27200922525212,2017,9,47.27213867187504,0.1517243725324981,94.19998165,0
418,40.81329271065411,-106.75307379492853,2002,8,57.11764648437504,0.0360703902899986,16065.73200923,1
419,40.87675315300757,-107.81905647857526,2000,1,17.772529296875042,0.0427966970527078,647.9887246,1
420,39.55825172297192,-107.50256899104528,2017,7,69.56867187500004,0.0454045483348425,102.42158157,0
421,40.935652737947265,-106.05626438355024,2013,6,55.41740234375004,0.0092128649013669,29.30023856,0
422,39.900297543708874,-108.34399624914428,2009,7,72.34469726562504,0.0207863244326785,1.00858713,0
423,40.546905764795206,-107.4051640459143,2015,10,50.73063476562504,0.0429337372102774,14.19464745,0
424,40.51882420145425,-107.31824587952966,2014,6,60.05495117187505,0.0204867335651302,5.57769991,0
425,37.59095407573745,-108.5750173295396,2017,9,59.26745117187504,0.057342478540074,15.81479662,0
426,37.22134456421741,-108.209799757469,2003,7,74.69313476562505,0.0171655378467345,301.79344355,0
427,40.20671999373906,-107.43088558577794,2012,4,36.31920898437504,0.0786146859555039,179.05951528,0
428,37.305506629137966,-107.29805200966734,2018,9,56.65973632812504,0.0203192581177165,508.24896908,1
429,37.93972046574169,-108.52134250401836,2018,6,67.86842773437505,0.0257700739262334,1218.02367203,1
430,38.222520284352754,-108.16663623199018,2003,11,28.07199218750004,0.0936103074891958,9.8237817,0
431,39.15642700279231,-108.77570702204714,2008,6,72.52223632812505,0.0117628969243785,3.46468865,0
432,39.18283866640969,-108.9357984710505,2015,6,76.55553710937505,0.0209826631039148,86.83797339,0
433,40.508751278498664,-107.93716638373245,2014,7,75.46173828125004,0.0355813563002797,40.76151602,0
434,38.326561170572454,-108.3882034791196,2007,10,47.21632812500004,0.0409881657183985,41.12189219,0
435,39.342600969233,-108.0826284474872,2008,7,77.04772460937505,0.0181846789155388,142.68575033,0
436,39.46018062014112,-107.88331855004762,2016,7,70.39616210937504,0.029779820812249,57.7223135,0
437,37.530378135523705,-108.883395898182,2000,7,75.91745117187504,0.0044296134082454,1075.28357084,1
438,37.61506287452816,-106.48252704280048,2017,7,59.80929687500005,0.1551915526849683,1.79378439,0
439,39.34644394342157,-108.55596041679082,2009,7,74.03219726562504,0.0152019059287384,82.69648318,0
440,39.6870624722735,-107.9031633680072,2012,10,40.95016601562504,0.0332112536500382,982.80010986,1
441,39.190472542730035,-108.49449324522908,2017,7,78.66007812500004,0.0239761976388748,0.25029507,0
442,40.205954257022974,-108.17043597463088,2018,8,72.41632812500004,0.0249049747027747,6304.31747736,1
443,40.37024301656003,-107.29704876750614,2018,9,60.14372070312504,0.0055395275399496,187.12339321,0
444,39.18829796636308,-108.27306746032392,2005,9,63.76876953125005,0.0490118394443998,28.92786741,0
445,39.75509002391317,-105.26877616394452,2011,3,32.49860351562504,0.0690748164259712,1570.97131494,1
446,40.566568678293045,-108.18336440407722,2015,8,71.97731445312505,0.0299124747681198,26.66262928,0
447,40.266527606124214,-107.42660035382129,2000,1,20.63776367187504,0.0797819564347621,127.41981143,0
448,40.18222473410523,-108.21244862105564,2010,7,73.99000976562505,0.0152786713333916,322.45292713,0
449,39.17139264552899,-108.47524016199746,2017,6,74.99064453125004,0.0022248188855344,2.31694736,0
450,40.50460839151283,-108.72684058942524,2000,1,19.12252929687504,0.0303671272614505,19.68359975,0
451,37.56877182891843,-109.03099124327008,2006,7,76.79899414062504,0.0394666899730102,10.05887364,0
452,40.64370953290509,-107.90259810365,2010,7,73.04430664062505,0.0223948596360278,25.95212873,0
453,40.20672941207063,-107.8178881087694,2018,9,61.06129882812505,0.0082314178966393,323.6275178,0
454,39.53868948172845,-107.57831174743784,2006,6,68.97277343750005,0.0125510978279809,581.6003994,1
455,39.5104745398752,-107.55340642961194,2005,7,73.74611328125005,0.0066344772531097,182.03903753,0
456,39.58921124403019,-107.82973912438136,2006,6,68.36105468750004,0.0087081807194059,15.02373179,0
457,40.66608005806296,-108.8362136835582,2007,7,78.14943359375005,0.0366637650057091,170.93748795,0
458,40.66521484680192,-108.87741027861698,2001,7,74.96471679687505,0.015803853675042,228.64252671,0
459,40.64383514694426,-108.8297916196142,2010,9,64.34533203125005,0.0210428209831181,223.7716677,0
460,39.238813453732234,-108.3521180989102,2007,7,79.19708984375004,0.0090206299870231,28.91060703,0
461,38.88765840578233,-107.73125316289862,2008,10,45.49455078125004,0.0489856963989557,114.15766572,0
462,40.43985108815565,-108.22116041383892,2015,9,64.31017578125005,0.0247398046466405,18.49781849,0
463,40.060146584432914,-108.4553978000091,2001,8,69.61173828125004,0.0413723869039909,1916.84713036,1
464,37.316444113489496,-108.26190553026824,2007,8,67.89787109375004,0.0508255086387973,12.66714955,0
465,39.82857237509692,-107.17612065706676,2018,10,32.70207031250004,0.1093353859900496,87.26452955,0
466,39.21514962044139,-108.55828227704409,2007,5,61.68180664062504,0.0225585332503076,0.09990049,0
467,40.12180405403085,-108.03057323540422,2008,8,67.41579101562505,0.0327077066951373,970.04146794,1
468,38.9003823737466,-107.51464631955848,2018,4,42.56251953125004,0.1097554346977733,43.54055623,0
469,40.41873025712026,-107.96538988395552,2015,7,69.41222656250005,0.0577039070599945,3.5368745,0
470,40.44961918202886,-108.002217433133,2000,1,18.72877929687504,0.0435143291500862,66.66489028,0
471,38.13261336467398,-105.11674265951852,2016,12,20.10778320312504,0.0374357342130562,18761.63541567,1
472,40.25697139333982,-108.87955728129128,2000,1,21.78737304687504,0.0357356548094656,108.95811312,0
473,38.967739450088054,-108.2123736340422,2011,7,63.51564453125005,0.0751271468605613,40.7891147,0
474,38.7052562450049,-103.624809845464,2011,3,44.76461914062504,0.0247646643728832,4630.43178896,1
475,40.08225097403035,-108.13529759141475,2001,7,71.95885742187505,0.0184086249910935,189.96705153,0
476,38.559639362008205,-108.50378940427414,2016,6,67.01281250000005,0.0114508876519161,713.47210822,1
477,40.307375291439946,-108.23947801411114,2014,7,73.81642578125005,0.0422170676023,251.93639652,0
478,39.63441766850763,-107.38568431646246,2003,10,45.98673828125004,0.0291191543375607,10.03461952,0
479,39.442913336766594,-108.39560057749816,2012,3,35.82218750000004,0.0236196732316166,7.88483582,0
480,38.38976352170867,-107.77758384319138,2009,8,66.55841796875004,0.0240701686873915,9.87282288,0
481,37.18189279027203,-102.89033484029866,2002,5,64.10319335937504,0.0396569649610202,552.19776611,1
482,40.07181825662104,-108.15029174787028,2000,1,19.81862304687504,0.0486505392563995,31.13056198,0
483,40.07812147426146,-108.12273609117352,2009,8,68.29162109375005,0.0070411823056914,344.99536157,0
484,39.86650994681396,-108.91926754050355,2000,1,21.99479492187504,0.0467243871340062,746.32987893,1
485,39.133369191692694,-109.0224258796156,2007,5,61.55172851562504,0.0163845223848387,94.6708735,0
486,39.07967346113978,-108.9352264492669,2017,7,78.57570312500005,0.0354342581284698,5.52549585,0
487,40.74218238593963,-108.59752647101534,2013,8,73.10714843750004,0.0084550110594136,390.18077784,0
488,39.08158868554888,-109.00842253680511,2014,8,71.19201171875005,0.049397825193894,16.35881242,0
489,40.32374127829379,-108.35032515421577,2006,8,71.66486328125004,0.0325200945944699,177.82497457,0
490,39.80594104315486,-106.52116751016912,2002,7,60.87057617187504,0.0202483295237878,17.34074344,0
491,40.53759957435529,-107.81702115584632,2018,8,72.27921875000004,0.0198444437630765,59.84971793,0
492,40.50141527397275,-107.91816051006764,2018,6,71.73913085937505,0.0057359212105802,3.79737509,0
493,39.9886384406114,-108.6948366865998,2016,7,75.11061523437505,0.0221450248872279,413.90425164,0
494,39.31093485372069,-107.60999666828867,2002,7,65.23698242187504,0.0345651851987699,15.60570871,0
495,39.213147816141706,-108.65174817788233,2005,7,83.00978515625005,0.0016912786411303,12.88755313,0
496,39.924223144761264,-107.83987725780368,2012,7,68.18922851562505,0.0457469837305834,66.43839149,0
497,40.34150755725222,-108.6837330227706,2018,8,74.18820312500004,0.0290555956624739,490.92633484,1
498,39.56872428602394,-108.6988921036097,2004,7,67.84953125000004,0.0505786896901205,197.8429323,0
499,40.339050156701134,-107.71595745544052,2018,9,63.92301757812504,0.0046997231681503,20.40804946,0
500,39.94835470512982,-107.590921229826,2004,5,45.98234375000004,0.0672499365216936,34.42864745,0
501,40.71296447310004,-108.92567525935787,2011,8,73.90255859375004,0.0204464465087745,1029.3619515,1
502,40.496659411393374,-108.72000474070386,2014,7,74.45626953125004,0.0429803125307196,42.68007066,0
503,39.418273815622214,-107.04006918114548,2018,7,64.99044921875004,0.0265244089527695,12589.17375557,1
504,39.25365421234684,-108.470722816727,2003,8,70.26784179687505,0.0164802843511337,792.29323795,1
505,39.93430064906184,-107.5904690585464,2003,7,68.56891601562504,0.0171373781568312,665.99551932,1
506,40.41878952514462,-107.96199352641578,2002,7,75.90690429687504,0.0079325729583768,30.64355595,0
507,40.66429199591942,-107.8216231157064,2015,7,67.93566406250005,0.0556327032015891,2.94136786,0
508,40.50298005748705,-107.92161544210356,2004,8,68.48849609375004,0.0212594200562452,200.46862577,0
509,37.31176887530634,-107.9509370293856,2012,11,31.41007812500004,0.0479557869070675,56.99073143,0
510,37.29096711911769,-107.92922216945033,2017,7,67.17804687500004,0.1307008357120212,411.41243852,0
511,38.18079527723433,-108.51195280897292,2004,6,68.60231445312505,0.0056872753921052,3.98813898,0
512,39.41932917994075,-105.2301835481516,2013,6,64.41037109375004,0.0419397056566318,511.20742515,1
513,38.37058519239802,-109.04315162279812,2010,8,68.44191406250005,0.0794063380711013,316.36295903,0
514,39.27731433419316,-108.68707835205446,2016,6,76.42062500000004,0.0019992049247008,2.07444551,0
515,38.32451093906201,-108.44782886024036,2003,10,52.54689453125005,0.0307119367977138,112.80175514,0
516,37.61854168424447,-108.85092578416888,2008,8,72.21110351562504,0.0472199225104646,202.34411051,0
517,39.03577740661872,-109.04638883459658,2016,8,68.99123046875005,0.0537042777708964,0.35484771,0
518,39.974486096273786,-108.5468405500338,2012,7,72.34118164062505,0.0299535043162992,738.94220214,1
519,37.259957785574,-108.23383810405652,2012,10,46.54352539062504,0.0269178562867629,65.72967986,0
520,38.706174117333866,-104.87754755325088,2018,7,66.38966796875005,0.1719234500986524,0.68753623,0
521,40.007039638445825,-108.20602430621234,2009,5,54.64264648437504,0.0795714920857455,21.32139803,0
522,37.43305793764742,-107.28325452938344,2012,7,62.14586914062504,0.0711939568398287,24925.87023679,1
523,40.69578876735976,-108.87304821677132,2014,8,67.22287109375004,0.0829154827614547,427.15318671,0
524,40.5463438822673,-108.58460557925376,2010,7,74.12008789062504,0.0183469042124343,1143.41482038,1
525,40.43990919752415,-108.19553377370184,2007,8,73.09396484375004,0.0249549691522319,3532.9968207,1
526,40.479509693144934,-108.2187410720228,2001,11,36.25373046875004,0.0504875831933924,23.45662553,0
527,40.23153538191213,-108.39549147979322,2015,8,72.97575195312504,0.0297581831338582,86.53891814,0
528,39.4464797452542,-108.9094299298959,2002,6,75.68893554687504,0.0012776462429581,1415.47820068,1
529,37.64941502400652,-108.36173673621668,2016,6,65.94054687500005,0.0102367943549412,2139.90350045,1
530,39.116213707705526,-109.01651904887652,2012,7,78.38805664062505,0.0144624482383718,157.59397405,0
531,38.266537579634665,-108.66604208942624,2001,12,21.10797851562504,0.0340543989485886,11.88719584,0
532,39.530570189265994,-108.83763905173647,2003,8,72.49323242187504,0.0243638242036337,71.82820462,0
533,40.08953741335704,-107.18664038806388,2002,9,43.66247070312504,0.161697742704954,5528.61129656,1
534,39.89474359061819,-107.43015853814772,2016,10,41.01388671875005,0.076900996493455,4753.68286027,1
535,38.559218570246664,-108.41000789873706,2018,6,69.42584960937504,0.0128133899395994,30.5142282,0
536,39.226035034997885,-108.44664326155554,2018,6,74.17194335937504,0.0084985041221312,12.04357356,0
537,39.45029829782929,-105.19486092705372,2012,3,35.63585937500004,0.0157551986900012,3220.06279611,1
538,38.22513426665228,-106.6157821328014,2007,10,37.81203125000004,0.0281488160646695,52.00739445,0
539,39.165024487043645,-108.9553489838647,2005,5,62.71012695312504,0.0125450375822169,58.2496945,0
540,39.168627631541746,-108.13943756946183,2007,6,69.57042968750005,0.0141565874398686,3.27644607,0
541,40.27270735185702,-107.76613844701036,2016,7,71.53522460937504,0.0145606828857708,491.60673411,1
542,40.66270104560092,-107.1262904360933,2017,7,65.58898437500005,0.0278845279333647,458.99252565,1
543,39.95202930161213,-107.78091447158042,2017,7,71.30539062500004,0.0481536380616482,37.64541191,0
544,40.2938139963345,-107.81876214847117,2018,11,25.61457031250004,0.0571349474920891,21.14858084,0
545,38.57030192332128,-104.46017945269182,2018,4,48.72541015625004,0.0393189615998067,42826.40263089,1
546,40.941883699122926,-107.62152194676769,2014,10,47.77926757812504,0.0198216785971017,10.35420748,0
547,39.155341349507744,-108.30539766982018,2018,5,62.66662109375004,0.0278750886623107,170.99979196,0
548,40.86139489929073,-107.57083654372498,2018,6,67.48522460937505,0.0136144744513265,276.0271999,0
549,40.52806813796524,-107.34675439074142,2018,9,61.77497070312504,0.0052640905730833,685.09534231,1
550,40.664909839548685,-106.7752347793772,2001,8,58.03478515625004,0.0794897538191871,1259.30847503,1
551,39.8630645525837,-108.39046210988144,2008,7,72.53366210937504,0.0348540420178556,7.08303077,0
552,38.1919093660625,-105.08915934783558,2011,7,69.26369140625005,0.0776037329215323,153.78734426,0
553,38.15869889013897,-105.03607809753792,2005,7,74.06955078125004,0.0507184706508414,11366.20184615,1
554,37.58961912056023,-105.29845568612154,2006,6,57.29386718750004,0.0510374763045925,13791.95879276,1
555,38.68097619424913,-108.87638680422822,2003,7,80.81735351562504,0.0155718753962719,1136.1926543,1
556,37.01345325959652,-108.29942456451784,2008,7,74.62897460937504,0.0594057716522598,203.10657054,0
557,39.89694294940185,-108.52630460526154,2013,7,72.37633789062505,0.0667843803984345,2.6038615,0
558,38.2275588941113,-108.43671606794304,2016,9,61.43131835937504,0.0505172462000744,0.03013992,0
559,40.108063213219424,-105.32827770628629,2011,6,63.14694335937504,0.0723977102506673,53.72012192,0
560,40.82347203978243,-107.9741145723592,2008,9,57.34176757812504,0.0444989237243193,25291.40163994,1
561,40.236298519474246,-108.340098254686,2002,8,71.86920898437504,0.0237206062868004,169.21223909,0
562,37.328325726728345,-108.73093775273108,2006,5,62.03029296875005,0.0072775840253336,14.06495241,0
563,38.951261512853904,-107.84363253328942,2004,7,60.06945312500004,0.0198394548596814,2805.29587008,1
564,39.754493795740935,-107.55984101424816,2002,7,63.77096679687504,0.0276924608817556,92.44540128,0
565,39.704767070855496,-107.5536874681986,2010,11,22.18991210937504,0.0825805822827387,1462.65118463,1
566,37.80950792469181,-105.46165964613594,2010,7,63.28141601562504,0.0652503877075505,6244.5240102,1
567,40.20968414260528,-108.9471585915962,2009,8,74.89044921875004,0.0094588090159275,3447.11393631,1
568,40.52705099684342,-107.99349375250064,2015,8,71.73122070312505,0.0351211374099133,14.56487969,0
569,39.19760514893001,-108.53080493878514,2017,4,49.37843750000005,0.0259871863270411,10.09581092,0
570,40.413996321098345,-108.3894124532671,2013,7,77.44235351562504,0.0216983702224912,10.54996476,0
571,38.92883039150119,-108.33167751984006,2010,3,31.91105468750004,0.0677131918369559,50.93453911,0
572,37.10732752061464,-103.61913258063612,2011,6,74.01374023437504,0.034106691914401,162.49810435,0
573,39.836509071789216,-107.58772984259744,2012,9,52.09381835937504,0.0325791112362407,256.23227364,0
574,38.3958176754168,-107.38425342554676,2012,4,39.14928710937504,0.0530791225718217,116.88322377,0
575,39.21266138396667,-108.25462884494996,2008,8,74.01461914062504,0.0151466200792172,33.10169663,0
576,40.00132879722732,-107.59375328473884,2017,4,34.64796875000004,0.0854900777431437,82.99623877,0
577,40.35328540579118,-107.75432020602146,2000,1,21.14401367187504,0.0485911399105098,21.96563975,0
578,40.1340389285729,-107.62154633783986,2013,7,65.51032226562504,0.0578642119613708,112.56926448,0
579,37.63819827864814,-106.61903130973154,2002,6,58.30416992187504,0.0139192936987994,9296.90130624,1
580,37.408478025585325,-107.69522176689362,2002,7,63.80963867187504,0.0875705214997986,58006.23004382,1
581,37.19606945858234,-108.44855916791788,2018,8,71.78703125000004,0.0162749097377352,185.32544962,0
582,37.074527300304155,-106.17101352636392,2011,7,64.80236328125005,0.1079672118898248,75.52185587,0
583,39.18106930481355,-108.51430979423962,2017,6,74.99064453125004,0.0022248188855344,44.55001089,0
584,38.52369019749267,-108.7374526139379,2009,8,68.54474609375004,0.0149698955669882,26.97701138,0
585,40.33451777325872,-107.89990275349535,2003,7,73.96540039062504,0.0034068887851535,214.1250415,0
586,38.05137692840984,-105.01103997999924,2018,3,36.93971679687504,0.0275210048531764,0.50653864,0
587,40.89292440598222,-107.57677186682436,2007,8,70.49591796875004,0.0360657267996866,2484.08659197,1
588,40.39779710322867,-108.30977198241798,2009,7,73.21305664062504,0.0190855964945629,159.68221638,0
589,40.631371932652954,-107.95686873496386,2012,7,75.81110351562504,0.016738103178679,121.26646853,0
590,39.316089984375594,-105.7200055047589,2014,6,51.46627929687504,0.0357841917749727,2.39974551,0
591,39.016779756434616,-108.67758810510892,2005,9,58.74845703125004,0.1686743792110122,4.61133403,0
592,38.89525254884109,-108.63660666742396,2007,9,58.15080078125004,0.1994768266786821,6.8265806,0
593,37.68643595027376,-108.6631164353862,2009,8,66.67794921875004,0.0165556381046655,6737.90634975,1
594,38.74270053199585,-105.3489506574398,2008,6,61.40583007812504,0.049505092345993,1117.28032897,1
595,38.58513331855659,-105.15077417129562,2018,6,68.71217773437505,0.0272329111506871,79.54656502,0
596,38.1253034228826,-108.5268744272375,2003,7,75.88844726562505,0.0121105801789963,8.95023002,0
597,38.157948992737595,-108.56515028093276,2005,8,69.69040039062504,0.0356480086912983,738.25301652,1
598,39.58977473699861,-107.46191146730736,2007,6,62.89777343750004,0.015063564118836,1240.12517485,1
599,39.257347649069665,-108.711922506942,2016,7,78.09538085937504,0.0150241444487619,1.76047175,0
600,40.09450210624396,-108.41097290407548,2002,7,77.76315429687504,0.0125249490534333,3900.80696946,1
601,38.56481541072151,-109.02096426063576,2007,5,57.71266601562505,0.0456142793586012,13.74398122,0
602,38.6294705945265,-105.17729343213566,2017,7,67.08312500000005,0.1719448081967886,38.43260368,0
603,39.56741065906596,-106.05896436415172,2005,9,48.57072265625004,0.0452284677738556,16.14071911,0
604,40.128794989209766,-105.34796735380074,2003,10,51.49220703125005,0.0195747794409748,3227.20878126,1
605,40.44301232382587,-109.00877400675058,2017,8,70.47526367187504,0.0199459359787695,34.71609658,0
606,37.55923203029378,-108.64185842114028,2006,6,67.24308593750004,0.0115467355547647,11.97332672,0
607,38.85092469709387,-107.7530895671726,2008,8,68.71305664062504,0.0199097142943122,45.53267829,0
608,39.71968198754494,-108.86929672836352,2004,7,70.58468750000004,0.0418937719957903,771.41910435,1
609,38.39456270371961,-107.9814388576427,2016,6,68.29601562500005,0.0109932926909881,32.982197,0
610,39.22840003275783,-104.98765963668016,2001,7,65.14206054687504,0.0690374030879698,3.26151088,0
611,38.25234299958286,-108.7535369761442,2008,7,75.82780273437504,0.0336279221866512,27.54285155,0
612,38.277556688641745,-107.3091880200374,2003,7,63.83336914062504,0.024027702280035,60.98896477,0
613,38.36216877512827,-108.27389570343117,2002,12,20.46989257812504,0.0302891564534045,48.8571053,0
614,38.391363070028746,-105.96706258090562,2013,6,58.52169921875005,0.0323859441967448,1153.10791111,1
615,38.87503798431269,-107.8446600307806,2008,12,19.66833007812504,0.1141617295086383,152.30342619,0
616,39.45125117154931,-107.10400494624008,2002,7,66.69245117187504,0.0200148387616733,1590.86955999,1
617,40.81358312273245,-108.80786758116948,2017,7,75.76320312500005,0.0314543552888091,12840.17738329,1
618,39.174447014020075,-108.570242061857,2005,7,80.93556640625005,0.0020168750556367,10.28737068,0
619,39.77264962016085,-108.0235955963474,2016,4,33.281708984375044,0.0791625349225476,54.71678685,0
620,40.66443780685696,-108.4957046939028,2018,8,72.77140625000004,0.0142245323166542,11.78328939,0
621,40.3796402040773,-108.12116014427228,2017,9,60.50846679687504,0.0400383490945212,4648.90724096,1
622,40.96867397435277,-107.63721342739989,2017,8,69.83190429687505,0.0174194838002615,280.54236035,0
623,39.53553268784006,-106.68617074122784,2002,6,52.09206054687505,0.0094639027619181,8.83588959,0
624,40.66522509625173,-107.87102812449896,2017,7,73.80500000000004,0.0213632130799349,41.10032525,0
625,40.05551402485106,-108.07597667116508,2005,7,73.62658203125005,0.0077168653337663,2912.89162904,1
626,40.07227671740698,-108.74286578529453,2007,6,72.44972656250005,0.0059040383175946,68.42760558,0
627,39.90728943215747,-108.44150107666096,2004,7,69.75148437500005,0.0555840745704248,17.47085282,0
628,37.69921614353779,-107.13679942890953,2013,7,55.50836914062504,0.1128524597597541,49313.33602734,1
629,38.15830935067736,-108.81792354353536,2008,7,73.64459960937504,0.0363371190194273,45.03952255,0
630,38.48451567072252,-105.3605948823833,2010,6,63.82018554687504,0.0692654030772158,626.65934991,1
631,38.23419795858226,-108.29074697575592,2009,9,60.26369140625005,0.0517907159265247,5.23223332,0
632,37.0833486132887,-107.35308370346948,2011,8,69.31466796875004,0.0459520856386516,105.54362448,0
633,39.52847338024679,-106.09113407901826,2017,7,53.70968750000005,0.1666507864949759,84.59396442,0
634,40.32154959345509,-108.64140968454224,2001,11,37.71271484375004,0.0454021191949257,265.11885733,0
635,40.02616223989397,-108.21207731626808,2012,8,72.15836914062504,0.0198078668741975,14.30672381,0
636,40.71820635057428,-105.2293025143055,2004,4,43.21730468750004,0.1007692028215387,8908.66869729,1
637,40.15699517713654,-108.82487887621856,2012,8,78.27204101562504,0.0112168148128781,2.02212133,0
638,37.29509867443354,-106.2721356387355,2015,6,58.00709960937505,0.0728862515374785,37.05874919,0
639,40.31665701243332,-108.1216334854344,2010,8,65.23917968750004,0.0473802686613868,47.22446585,0
640,39.25377266360545,-108.31432922162944,2012,7,76.93610351562504,0.0244204185804119,13902.84550891,1
641,38.25263797446183,-108.41591076294378,2005,9,60.60470703125005,0.0625836366573581,13.98358995,0
642,38.27199152115738,-108.3815276075713,2007,8,70.36935546875004,0.0485117207850795,5.58270894,0
643,38.264084542103454,-108.32058843893506,2011,7,68.22306640625004,0.0448903864968335,96.05547443,0
644,40.059704727572395,-108.7500578754611,2000,1,24.05143554687504,0.0428986292635556,10.03198366,0
645,40.20733900215266,-108.3961479891148,2000,7,77.30612304687504,0.0072784353701252,16.78131518,0
646,40.21706976393137,-108.38618752492464,2002,6,72.46510742187505,0.0114518008710263,2138.14649181,1
647,40.3979473522244,-108.1384452711108,2009,7,71.33571289062505,0.0196165239812806,13.73831847,0
648,39.24513555182323,-108.2316698433675,2012,2,22.70275390625004,0.0730361707198899,0.15152674,0
649,38.7640634448018,-108.66499151585516,2016,6,66.62609375000005,0.0212865393409389,380.30407554,0
650,38.652857320705984,-107.8496679796968,2005,9,60.59416015625004,0.0253808730038115,20.93750596,0
651,37.618300381041905,-108.46662087087071,2018,8,67.42765625000004,0.024060184005677,18923.53784684,1
652,38.5470119083965,-107.63394951626508,2003,7,67.89391601562505,0.0091262391365467,12.4527455,0
653,39.8155489503032,-108.69782102597814,2000,1,19.47057617187504,0.0499447116715367,57.35777419,0
654,37.4824804919122,-108.4259703695648,2011,4,39.11149414062504,0.0938095061289379,17.81891401,0
655,39.440868797369205,-107.86474129840713,2008,8,62.05446289062505,0.0444350465110736,130.92077886,0
656,40.092593687707385,-108.06298170732587,2012,7,74.05329101562504,0.0275766504904022,896.38663187,1
657,40.02103737734286,-108.07250160874123,2009,3,27.22121093750004,0.0716742757171858,0.62848094,0
658,40.20859752547919,-108.99647144695103,2005,7,80.68595703125004,0.0038267217921275,19.62727719,0
659,39.16022500719124,-108.58050313847905,2016,6,77.43664062500005,0.0035435880610602,0.546845,0
660,39.38986514369239,-105.01508330998784,2006,10,41.14396484375004,0.1063293757591396,9.06416149,0
661,38.969981945679734,-105.4737025493916,2017,5,42.91583984375004,0.0910311567243421,101.2618124,0
662,37.22640004236211,-104.0205279043113,2011,6,75.03678710937504,0.0315893329690909,6069.18373997,1
663,39.29650720634312,-108.27485899611108,2007,6,71.98917968750004,0.0085076363132335,21.78151054,0
664,40.398470382552496,-107.72720281751197,2018,8,71.71320312500004,0.0198089508205943,63.19132225,0
665,40.083813405021,-108.96315496978892,2017,9,65.71510742187505,0.0483665773834101,110.27188588,0
666,39.47540390994798,-107.8784259765208,2006,9,53.07951171875004,0.095990571277542,828.01416177,1
667,39.68518069186741,-108.72702037047632,2018,8,69.57570312500005,0.0392719875337556,5718.99281579,1
668,39.859045881022794,-107.94430960751444,2018,8,66.82296875000004,0.0340448473871045,144.30801189,0
669,39.204059429761095,-108.28012075939586,2005,8,72.20407226562504,0.0114330231611413,214.11739149,0
670,39.1763014477406,-108.94583961785575,2011,3,41.99079101562504,0.031597789125971,9.46638942,0
671,41.03480145602459,-106.59067502663386,2018,10,32.97277343750004,0.0779992243996821,28595.70389068,1
672,39.19588709709568,-108.99675228030895,2014,9,69.25797851562504,0.0433600283492589,22.74013246,0
673,39.879488019336975,-108.2419731632464,2001,1,15.37091796875004,0.0290064972448162,21.19443327,0
674,39.04306517400852,-108.4157841250712,2016,7,78.60514648437504,0.0702758015339612,6.53276377,0
675,39.038543435902035,-108.40175136881128,2016,7,78.60514648437504,0.0702758015339612,55.62409837,0
676,39.63427271410584,-108.80793153090862,2014,10,48.71793945312504,0.0371874073643179,11.54132596,0
677,40.17593382787213,-109.00418931326082,2008,8,75.51227539062504,0.0275374702968576,17.32368892,0
678,39.14520752335253,-105.11018455844253,2018,9,56.61754882812504,0.0415281956048798,16.57807043,0
679,40.00221293244327,-108.4365185272742,2001,10,48.04293945312504,0.0306477845874964,87.5573868,0
680,39.489485403720835,-108.83409382494736,2011,8,74.14162109375005,0.0177266909381054,15.75722694,0
681,39.5790373059056,-107.63124966926758,2007,7,74.58810546875004,0.0285672674983157,44.7938394,0
682,38.87627406465581,-107.33762671509376,2005,8,59.48102539062504,0.0617549745326512,44.51769117,0
683,40.18401964674887,-108.77574109296376,2012,7,79.81188476562505,0.0270014301581075,21.20365633,0
684,40.76572591708453,-108.02114067858746,2015,9,63.59650390625004,0.0246875918882782,33.65474433,0
685,38.25915354211035,-108.20570457470524,2007,10,41.43664062500004,0.046992339599959,207.26701106,0
686,39.5197881955112,-107.29581030595848,2013,8,64.29347656250005,0.0246262996465666,393.42986161,0
687,39.51243134767804,-107.30078415898316,2015,7,63.43917968750005,0.0679522742041619,7.31263408,0
688,38.11646331874007,-107.6042034106472,2006,8,51.51330078125004,0.1203598495877813,400.69014956,0
689,40.40026767550105,-108.52010985832771,2015,7,72.40402343750004,0.0452496975400717,74.37511556,0
690,39.698796418242296,-108.7850875151666,2003,7,76.65133789062504,0.0140635720058286,231.94202605,0
691,39.46380780900995,-106.74055344875762,2016,7,56.41100585937504,0.0405714353074668,26.41175906,0
692,40.240260263880664,-108.78129900104628,2016,7,79.64225585937504,0.0143752982605743,0.98112861,0
693,40.62111467920875,-108.57477255348408,2010,7,74.12711914062504,0.0164361519204569,474.78587956,1
694,38.97883499620061,-108.33583891347702,2007,7,74.82013671875004,0.0350152498259558,482.32570024,1
695,40.37717611570377,-105.26691857101784,2010,9,60.60822265625004,0.0052085686844948,749.86607795,1
696,40.05804916249158,-106.13961053301644,2010,10,39.30485351562504,0.0898211700488114,148.69151469,0
697,40.05735775514816,-106.14108725165264,2015,9,54.38556640625004,0.0156559580120141,643.24572959,1
698,39.78735630139971,-108.83408972602322,2003,9,59.93893554687504,0.055473351623048,99.69076639,0
699,40.01852806246932,-108.12123461557886,2000,1,18.74987304687504,0.0542254245319869,90.08541231,0
700,37.152111755786905,-106.89535710854852,2005,7,66.66212890625005,0.0238761285325104,1181.75890122,1
701,39.17750638590596,-108.93864882528854,2011,6,72.19616210937505,0.0191412833813345,15.89442307,0
702,40.94833134329607,-106.09881197254748,2012,9,50.35358398437504,0.053728211674001,117.20217227,0
703,39.32623381092681,-105.70554038972764,2012,6,58.00578125000004,0.0259220785023469,11.01533983,0
704,37.330579721751725,-108.85469285468275,2012,11,40.84953125000004,0.0239602111482527,36.50826226,0
705,37.7167710087111,-108.76671033325836,2007,8,70.88263671875004,0.033252104450186,215.84893516,0
706,39.480369961772325,-109.04938260060776,2009,7,72.47125976562504,0.0255664317937567,793.69338893,1
707,37.43239382440608,-108.512144767707,2012,10,50.45290039062505,0.0191226087953138,319.88233696,0
708,39.60287324041395,-107.48342238095108,2007,9,57.78166015625004,0.0657182950549176,12.77504625,0
709,37.65239062802102,-108.90115707061716,2005,7,76.21408203125004,0.0120100447236007,104.9025688,0
710,39.86893828101981,-108.66358511403104,2012,4,47.22116210937504,0.0350666032187815,38.21312646,0
711,40.085439479346974,-108.29638293605738,2000,1,20.50065429687504,0.0446811963004525,36.80155498,0
712,40.08347098314527,-108.29968089514622,2009,7,74.12360351562504,0.0117241842256858,77.9363714,0
713,38.58174663188087,-106.55933148462611,2016,6,53.70617187500004,0.0211398742893594,52.10900422,0
714,38.666664871678336,-108.1562206829839,2017,3,44.05358398437504,0.036096487502614,28.88454781,0
715,40.24340138275483,-108.40706249556008,2010,7,76.38063476562505,0.0156611737879109,276.58300142,0
716,40.41956896889909,-105.29326746455368,2010,6,60.48385742187504,0.1437782892020652,75.67345911,0
717,39.043013382901286,-105.44988198844447,2012,7,64.58922851562505,0.1272519795244326,1.43379784,0
718,38.45889088543843,-105.321651940662,2013,6,69.04396484375005,0.0359780646400293,3220.79875823,1
719,39.353864658347426,-108.74667918718282,2009,4,40.75724609375004,0.0651603766154265,11.93330281,0
720,38.211561597396035,-107.04164266851102,2003,8,54.06432617187504,0.1540867065182887,7.42818565,0
721,39.87285276654848,-108.41085167372913,2013,7,73.70875976562505,0.0676491175425471,11.98218799,0
722,40.27373333110368,-108.3407241941724,2018,8,73.04914062500004,0.0217114898696832,27.6527873,0
723,40.31069563938171,-107.33189731293284,2018,7,68.71349609375005,0.0332102819940715,10.39892701,0
724,39.93391947607126,-107.62063173317875,2002,8,62.04303710937504,0.0440941419318085,5.23264753,0
725,40.13610715833096,-108.86446422122935,2017,8,78.12174804687504,0.0090894955307536,16.75287922,0
726,40.21473265568628,-107.44518802643546,2018,7,66.26662109375005,0.0430306782260886,24.08082776,0
727,40.6204907908392,-108.42012295170372,2017,7,77.53507812500004,0.0154109586266335,17.84393834,0
728,40.299065225777674,-106.1918784644368,2016,10,36.74591796875004,0.0605654476318159,6.43397358,0
729,40.238952691916104,-106.7321725043648,2016,9,48.12467773437504,0.0593687753929989,461.14142795,1
730,40.24341208415671,-106.5922432532741,2018,10,32.83917968750004,0.1066640287405811,20126.86893651,1
731,40.5861095333516,-108.24628918445556,2018,4,45.74064453125004,0.0444507717545726,0.58093713,0
732,40.95762309720492,-107.50464492325808,2018,9,64.36950195312505,0.0063218389250745,575.75519614,1
733,39.56814622458259,-107.60384095190987,2005,7,73.76369140625005,0.0125641452884679,15.84069125,0
734,40.120906503692275,-107.89825843943292,2018,7,73.38224609375004,0.0165121725416451,83.7077881,0
735,40.58748548461766,-108.33011406811204,2018,8,73.97726562500004,0.0141802394710772,0.47287487,0
736,38.833367152646495,-108.60726612889812,2006,6,67.47863281250005,0.0244866997255187,25.74802131,0
737,39.7848154251661,-108.1132481826355,2018,7,72.06037109375004,0.039975351871585,91.00882963,0
738,40.59257008517964,-107.1064394783423,2017,9,55.63581054687504,0.0572738392959348,449.76823803,0
739,39.81274113390001,-108.16061408602202,2018,7,74.15568359375004,0.0444237028859905,61.71282265,0
740,39.41104549214945,-108.75013080281909,2018,7,80.66310546875005,0.0224937600052624,53.79810069,0
741,40.13400562106216,-107.91593872107669,2018,8,68.85500000000005,0.0281345391385548,976.12959118,1
742,40.59320012433599,-108.22518076878038,2018,7,78.79982421875005,0.0103589869676798,12.38421602,0
743,40.5210796631591,-107.48530052820688,2015,8,67.68122070312504,0.0477440117391524,52.204213,0
744,38.70765860448557,-107.5294161058306,2004,8,59.05255859375004,0.0192110948000656,296.83424451,0
745,37.52869642284504,-108.58020480574376,2016,6,71.16476562500004,0.0036412669854122,175.48730447,0
746,40.05935637905463,-107.91786031760364,2009,9,58.38986328125005,0.0429488666270044,0.89736418,0
747,40.61087552079251,-108.59375319981002,2005,7,76.65705078125004,0.0132176847583061,161.28872228,0
748,37.79943895222868,-103.37163805168942,2011,6,77.62077148437504,0.0537501289326464,3905.23574489,1
749,39.417540259752634,-108.70304436695406,2017,7,75.60148437500004,0.0287164121059235,13.57223293,0
750,37.13714971191144,-107.46607759245867,2018,7,71.91623046875004,0.0361171833163767,3.18708827,0
751,37.09440119003188,-107.47496831643264,2011,8,69.88771484375005,0.0459239259487483,535.65456009,1
752,39.34862989263821,-108.12512962936944,2009,7,76.15915039062504,0.0243238854767754,35.83665723,0
753,40.52553485302129,-107.73535133551658,2012,6,70.33859375000004,0.0016589851165408,441.8868205,0
754,40.70564966128168,-104.47127672979316,2010,10,53.97555664062504,0.0353101703282678,337.25428749,0
755,38.189645395139706,-105.11101026483092,2011,5,47.56261718750004,0.0711152985393535,495.55839402,1
756,40.67551500390824,-107.47110369062544,2015,9,60.01408203125004,0.0261824020939762,1.44885097,0
757,40.671067728192654,-107.68400633872568,2000,1,18.05377929687504,0.0443283201863523,88.333661,0
758,40.52796073090124,-108.5245439554705,2011,8,75.03810546875005,0.0145933387761615,86.08682647,0
759,38.5222538654942,-108.387047305857,2017,10,43.42692382812504,0.0276553087908774,14.60037963,0
760,40.85112626637783,-106.70765434815664,2003,8,56.74674804687504,0.0678153990447754,309.16322909,0
761,39.761857414795614,-108.21996927156246,2000,1,18.09948242187504,0.0496097286937292,3427.97697184,1
762,40.9327454739095,-107.88341303001884,2012,7,74.57360351562505,0.0138532016141107,122.32171096,0
763,40.11474888882051,-108.10705442906692,2009,8,68.29162109375005,0.0070411823056914,379.44076518,0
764,37.61910292636739,-107.75354520515494,2002,8,58.08092773437504,0.0899727300464874,556.31049237,1
765,39.2343899649979,-105.22116334002362,2002,5,48.49030273437504,0.0801981185186188,3854.69406294,1
766,40.15077300655918,-108.73744214697388,2003,8,76.76471679687504,0.0220905159041518,90.60889638,0
767,40.70350511226522,-105.25543006046676,2018,9,60.40387695312504,0.0226817387685587,230.29604491,0
768,39.44264158711338,-108.92801300820976,2000,7,79.47877929687505,0.01008501779715,59.34477336,0
769,38.20931471594497,-108.41364380493884,2007,7,74.26466796875005,0.0733062681622221,135.00059993,0
770,40.94501444475874,-107.50358836990095,2002,7,71.73385742187504,0.0161018163313536,87.04935687,0
771,40.637547767582,-107.4084002289268,2013,9,59.36940429687505,0.098810188561026,20.28996289,0
772,40.627714154365975,-108.09469600548282,2011,8,74.00802734375004,0.0206599908238742,229.66416296,0
773,37.48722770177636,-103.3620390769604,2011,6,76.43952148437504,0.0482469628672814,11185.09811048,1
774,39.18942628481422,-108.49674048612025,2016,7,77.28678710937504,0.0186854907963919,0.23031626,0
775,39.89191099830343,-108.53329797849172,2013,7,72.37633789062505,0.0667843803984345,2.18144719,0
776,40.30208142886657,-108.67005481655674,2000,1,21.20377929687504,0.0409004646008368,101.32543774,0
777,40.963934866431146,-107.36974441427448,2000,1,20.05065429687504,0.0806733866182621,129.3349952,0
778,40.93889242806432,-107.37394328045428,2006,8,62.70001953125004,0.0441004760287236,40.72427952,0
779,40.077691247083294,-108.87714981480664,2014,6,72.69362304687505,0.0042957918610656,0.70665908,0
780,40.12475084056697,-108.09673161808914,2005,7,73.62658203125005,0.0077168653337663,12.9194238,0
781,39.32987576479736,-108.10489822167384,2007,7,79.03185546875005,0.0204971697002067,85.41126783,0
782,37.23289090634196,-107.3296994779994,2005,9,55.57736328125005,0.1074572758386144,22.59338725,0
783,40.988157551851614,-107.71416640535308,2015,4,43.62643554687504,0.0545354011185001,92.72163893,0
784,39.42381958142352,-105.50702091202936,2002,4,37.55583007812504,0.025014737452392,2535.82628953,1
785,39.21866710392083,-106.97848242710496,2003,10,39.60939453125004,0.0315561408346053,48.28477047,0
786,39.38131071282121,-105.7325139310295,2015,4,28.62877929687504,0.0872681073300074,255.41483891,0
787,38.80472395494497,-108.65766839442722,2017,9,56.75729492187504,0.104140363198053,18.61277518,0
788,38.65370485046403,-107.3365925594065,2002,12,9.20583007812504,0.0449917412140406,40.08422292,0
789,40.0290341093617,-108.19812903075535,2006,5,57.56544921875005,0.0211476979532046,58.25105151,0
790,40.19443308417038,-108.2360366255631,2006,7,75.78297851562505,0.0277270325843826,636.64356069,1
791,40.72241088018031,-106.72297879559596,2014,7,57.14181640625005,0.0521198918849462,4.07791033,0
792,39.69768836932547,-107.27809145281952,2000,7,57.05963867187504,0.0368009380784817,344.87732894,0
793,40.6161520961543,-108.9655165901946,2001,9,63.44401367187504,0.0203526656664966,530.34643641,1
794,39.31166261553494,-108.40074868840296,2010,9,63.17462890625004,0.0189883369405928,19.46422763,0
795,37.070802084760594,-107.18740214946794,2014,7,69.40080078125004,0.0434170810543233,1.59664873,0
796,40.46343027957074,-108.35570300773,2000,1,19.61471679687504,0.0310297599644865,21.00811645,0
797,40.004381524472706,-108.0743614220015,2001,7,70.86901367187505,0.0231253730498894,65.36499281,0
798,40.19576362557967,-108.8608921309823,2000,1,24.32565429687504,0.0391498705451842,124.49517499,0
799,37.00633375320488,-103.45408184067402,2018,5,68.04201171875005,0.0203881311092816,447.12027012,0
800,37.01320039011427,-104.97912943817786,2002,6,62.23815429687504,0.0541357296863803,17820.93141845,1
801,40.87032000581447,-107.61158004290606,2009,8,66.05568359375005,0.0184464439496281,978.75468531,1
802,38.923089722981295,-109.0229419538915,2008,9,60.20348632812504,0.0148467702561873,52.10869321,0
803,39.69721190861834,-107.47751703549729,2002,7,64.05924804687504,0.0287408226704457,13489.22666611,1
804,40.01230477999661,-108.58605606362062,2009,7,71.14938476562504,0.0084512069346383,1338.17426268,1
805,37.550991605936346,-105.14872838312688,2018,7,66.97326171875005,0.1055393277925439,108131.4148778,1
806,39.36612345480353,-108.05143203547976,2016,8,68.95607421875005,0.0452874637908535,620.20362112,1
807,38.5109461886141,-107.5966307004148,2003,11,24.15558593750004,0.0790584944015834,241.68789436,0
808,38.94045686525734,-105.42427531065096,2012,6,63.82062500000004,0.0291862558902998,1121.89481068,1
809,37.649210318568585,-108.99489264777374,2016,8,69.68380859375004,0.0705323324590223,37.10645658,0
810,37.53003292361161,-109.0411606248495,2009,8,74.02560546875004,0.0125716286435606,14.29781144,0
811,39.23952223277833,-108.1274318856468,2008,6,65.74059570312505,0.0225680046043416,1.79665043,0
812,40.947619378555814,-105.50964815384766,2016,9,54.60749023437504,0.0653134032636182,300.90343203,0
813,37.031237088362026,-107.88460003478376,2012,6,73.45695312500004,0.0005484373101741,337.56307518,0
814,39.189140501192234,-109.04204525573586,2007,9,67.35822265625004,0.0463720014311722,15.36679835,0
815,40.17182698464198,-108.42198424638843,2011,7,74.23478515625004,0.0314778675298905,2.60516643,0
816,38.54905735019064,-107.11398509679664,2002,7,64.94166992187505,0.0385181016689399,599.60140019,1
817,37.29991908019016,-105.80524436381656,2013,4,41.10045898437504,0.0344537564258324,918.67207572,1
818,40.22978716043746,-108.02263927405184,2015,3,33.04704101562504,0.0377054718676838,5.9490712,0
819,40.07171774828261,-107.9811135193926,2015,8,68.61637695312504,0.0329267349081812,134.13127959,0
820,40.17225345353823,-108.9451261652045,2007,9,64.53517578125005,0.0675504348792485,15.65324606,0
821,40.431362364688546,-108.980788064794,2006,7,75.37165039062504,0.0318163475525216,107.32563542,0
822,40.534466080610954,-107.91108247054764,2012,8,74.26071289062504,0.0088320405012855,5.35169361,0
823,38.60205687343335,-105.05702976465535,2011,10,42.28434570312504,0.0489376177617348,3.08728292,0
824,40.77636482344646,-107.1838794295947,2002,8,58.46413085937505,0.0304871451064711,33.99240063,0
825,39.811626265938,-105.98161512345985,2018,7,55.52287109375004,0.0560208018444827,1245.62396579,1
826,37.70690350848563,-108.1709199875466,2015,7,57.77199218750005,0.1846363584364298,0.17972493,0
827,37.99983214838822,-109.00324094969106,2002,12,26.62575195312504,0.025045294199232,55.36727912,0
828,38.458911622137336,-109.0039377269321,2012,6,72.08937500000005,0.0021916725838775,5725.54725122,1
829,40.58801906409737,-108.22794454567492,2006,7,77.36500976562505,0.0299507680964306,26.53299354,0
830,40.0666080101135,-108.62678897120996,2000,1,20.36002929687504,0.0428169368298258,1586.56752214,1
831,40.442828545859555,-107.9618793812474,2017,6,68.90158203125004,0.0047187114225918,67.09969871,0
832,39.326922799205896,-107.3187663586408,2002,9,48.59489257812504,0.0951634445525938,170.92558259,0
833,40.51163693137767,-108.1688541283764,2018,7,78.91583984375004,0.0099154718517034,1635.09899195,1
834,40.307318140693454,-108.61357936701992,2018,8,75.18312500000005,0.0271510033026628,570.09528332,1
835,40.589595910174175,-108.29063349761414,2018,9,68.66559570312504,0.0016869296786047,368.85176693,0
836,41.00111880132496,-107.79495869040412,2018,9,65.93747070312504,0.0030183550168432,10.55782372,0
837,38.9594257905542,-108.2032301858511,2002,7,67.55377929687504,0.0152840120037464,13.74230454,0
838,38.35373622706548,-108.49483645985748,2018,7,73.51232421875005,0.0378205512254207,508.42997197,1
839,38.401066472018535,-108.50076434421756,2009,10,42.98000000000004,0.0339658842983189,980.54097484,1
840,38.48578765133456,-105.60363752531794,2017,7,64.23898437500004,0.1157597735775169,9.55107798,0
841,40.07247784509542,-108.88583130941042,2002,1,17.93820312500004,0.0210534358662262,16.15799781,0
842,38.31213570804238,-107.91380846254106,2004,7,65.38507812500004,0.0290470867978408,76.07907954,0
843,40.11161236474984,-108.67428489685132,2001,1,15.943964843750042,0.0192154317314736,2097.57358798,1
844,40.73957189945192,-108.6994404254676,2011,9,62.75275390625004,0.0320771798885485,26.89247631,0
845,40.420394647958155,-107.9750013778964,2007,7,75.87482421875004,0.023513189820887,16.28290535,0
846,38.65154711573174,-108.91872131540632,2008,8,72.92829101562504,0.0616376837409334,19.64949293,0
847,39.62917267237316,-106.02798449465824,2017,9,47.07877929687504,0.0889581837187521,20.23894593,0
848,39.777297457929755,-108.94852743872842,2002,9,58.88512695312504,0.097575791320973,7.71422674,0
849,39.51223998623346,-108.51619130008412,2012,7,71.07555664062505,0.0485761525755515,97.44071311,0
850,40.61863241846561,-108.742472009017,2006,6,70.86417968750004,0.0107198379939596,3374.68972279,1
851,39.94078088309405,-108.1910676689191,2001,8,67.86447265625004,0.0677547897122101,180.40997104,0
852,40.09788327956139,-108.48880644290232,2003,8,72.45456054687504,0.0140655909419292,763.69835177,1
853,40.53137211368097,-108.20685983586368,2015,8,72.04059570312504,0.0311192348125157,181.31710734,0
854,40.107631134768056,-107.9539507497742,2009,8,66.68146484375004,0.0076630421243884,112.6629822,0
855,40.29428185901232,-108.66877704739156,2001,7,75.88229492187504,0.016831682356511,241.42214714,0
856,40.256801286160425,-108.5775015915774,2012,9,66.38131835937504,0.0286414479314349,107.93031233,0
857,40.3021293064139,-108.5980393869486,2014,7,77.96837890625005,0.0504898565016919,26.50617504,0
858,38.1150707411662,-108.31938620901776,2004,6,63.72965820312504,0.0086106032001873,24.06064583,0
859,37.25541741207297,-108.83880775095535,2015,8,72.24801757812504,0.0506051535653648,377.73756802,0
860,39.7915153151362,-108.61343155075264,2007,7,72.40841796875004,0.0566172519429936,3.08451654,0
861,40.92727438297013,-107.34753959913697,2012,4,36.75514648437504,0.0723338972033816,265.09555353,0
862,39.30286208795128,-105.59184193487346,2002,4,34.50426757812504,0.0205737196905654,288.57346119,0
863,40.03833379222742,-106.85033786314632,2012,3,28.24953125000004,0.0298335781369358,201.63924754,0
864,37.06771068123027,-107.12369714123228,2015,7,63.64660156250004,0.099667711617914,1.55229911,0
865,39.8673339869616,-108.82610137644744,2001,7,74.00143554687504,0.0390925061768852,10.11083599,0
866,39.97332211737495,-108.77576698587418,2009,8,73.09748046875004,0.006412869224725,18.02901331,0
867,39.91082061808945,-108.37336209509029,2003,7,77.24899414062504,0.0118635962321364,8.57534682,0
868,37.18632040234435,-108.29876146652131,2005,7,74.11173828125004,0.0078171842290466,2524.61274534,1
869,39.669676047438315,-106.97494048505622,2018,7,71.98654296875004,0.0488042946465662,26.94437512,0
870,40.51469324937486,-107.60752905944555,2015,8,68.34215820312505,0.0437421091417549,2.20251078,0
871,39.30802239408723,-106.20345873634096,2012,6,48.98468750000004,0.0276855790825386,414.92078136,0
872,38.161376748610635,-106.3932795698012,2013,6,60.02638671875005,0.0270719760479172,213.11113306,0
873,38.17086200831483,-107.1864155933346,2005,7,59.72931640625004,0.0328268033003027,63.39422122,0
874,39.14250536583944,-105.13141786178473,2017,4,35.22804687500004,0.0948643211798975,40.08132693,0
875,37.98990664243537,-108.18993718074324,2003,8,61.49635742187505,0.0862060231924289,15.68168766,0
876,38.75551516329526,-108.878489390687,2018,8,71.57960937500005,0.0344250032007985,115.98070829,0
877,40.21745838222241,-108.18791731046794,2000,1,19.51979492187504,0.0467465335567947,329.32568156,0
878,39.69540649076922,-108.82724782444411,2010,7,71.90172851562505,0.0526647663014126,160.84969029,0
879,40.597966508168334,-108.31670641749176,2010,9,64.86564453125004,0.0117615631890657,23.67704692,0
880,40.6107561749343,-107.67484756385949,2012,7,73.36422851562504,0.026747699618875,8.94954667,0
881,39.724785581629945,-106.6685100708707,2002,6,60.70534179687505,0.0075018177018879,38.93834839,0
882,38.210563069361896,-108.346566422536,2018,7,74.07833984375004,0.0409216347843757,473.07097446,1
883,39.04210761991454,-108.70352031334102,2007,8,69.32521484375005,0.2133051593999844,3.25302963,0
884,38.757534389565194,-108.88342974476372,2012,7,72.15485351562504,0.0699408506391337,32.13976653,0
885,37.421027441198206,-107.5909468064275,2012,11,26.44250000000004,0.0574863752888049,1358.36319741,1
886,37.384312435169264,-107.85607794777523,2002,7,63.45456054687504,0.0788310444062808,472.87131198,1
887,38.23048492139292,-108.59308107593198,2002,12,28.25700195312504,0.0213211752095259,16.35971536,0
888,37.77365598601284,-108.4138066940427,2009,8,61.80177734375005,0.042515938894439,24.804306,0
889,37.008910412570856,-106.8622704522222,2018,8,64.95617187500005,0.0267825806930952,25.04345911,0
890,38.34668776442227,-106.94736425821452,2002,12,8.53786132812504,0.0185764854342676,162.92168894,0
891,39.32372048959262,-105.1293999448918,2008,7,69.40827148437504,0.0251635887298965,0.46730442,0
892,39.76538669781692,-108.18536683126152,2016,9,59.15319335937504,0.055244554142584,112.05299106,0
893,40.261288801798344,-108.96777158281958,2018,8,73.07375000000005,0.021170295829355,23.34843164,0
894,39.66860277265491,-109.00803706733596,2018,7,76.41974609375004,0.0211913743472367,39.50423267,0
895,39.032181257551805,-108.2657300522854,2002,7,75.16862304687504,0.0180448349346785,27.37195414,0
896,40.90955273908589,-107.52989495650648,2018,6,64.91178710937504,0.0168944916648499,45.78855538,0
897,40.16107098773902,-107.93656375593083,2017,8,65.50768554687505,0.013434301018744,669.6791487,1
898,40.28969743106795,-108.42457555717358,2018,7,79.86154296875004,0.0105877844481437,213.83879743,0
899,40.37362129873556,-108.39478300132832,2017,9,62.71979492187504,0.0451029866556637,7777.21314621,1
900,39.09823582940663,-109.0496239869097,2005,6,67.46369140625004,0.0222660533461195,259.5579539,0
901,38.92998893020048,-104.93480743118506,2012,7,68.29469726562505,0.0863394700562348,18262.13800973,1
902,38.83146228574199,-106.84153557993672,2016,6,53.47765625000004,0.0141389647172647,11.71952103,0
903,40.3478166281534,-108.2943629227799,2015,9,65.26642578125004,0.0246564988973434,1.18901231,0
904,40.395714181775816,-108.30570636244228,2012,8,74.23961914062505,0.0091253706044444,104.30057774,0
905,39.93184092639967,-108.4939108683508,2001,7,70.14479492187505,0.0502836362726055,9.54857304,0
906,39.606135676201255,-107.9369213966497,2010,6,62.21354492187504,0.0411121664362261,155.58290694,0
907,37.30363563029124,-108.26119284680468,2012,7,69.95758789062504,0.0703333263171604,10134.71293016,1
908,37.90561684632639,-108.20395111582955,2002,12,14.60231445312504,0.0450677137107588,637.30792707,1
909,38.5492817978994,-107.26995634968584,2008,12,15.361689453125042,0.1342786013133824,1586.43771093,1
910,37.587316009538725,-106.86430152671892,2013,7,52.80485351562504,0.1071354560491861,56583.55626623,1
911,37.49178720053256,-106.92695463302728,2013,6,52.67521484375004,0.017676025037709,3431.88668079,1
912,37.774138162849475,-108.64399758868144,2018,8,67.87414062500005,0.0336045589022629,1405.32963737,1
913,40.12820806802347,-108.06311358507452,2005,7,73.62658203125005,0.0077168653337663,318.73009515,0
914,40.024649239878954,-108.0622205854156,2013,3,26.94743164062504,0.0365287460758816,0.78489581,0
915,39.03538702512971,-106.0216423294964,2018,7,59.28107421875004,0.1014183331732638,13034.96240389,1
916,38.21015109141373,-105.06588652803912,2012,10,45.41149414062504,0.0173720147396612,1999.68726771,1
917,38.00477114223141,-108.31213228649668,2009,9,53.98126953125004,0.0612104255292681,111.46818281,0
918,39.652025849269826,-109.04275990457852,2002,8,69.86530273437504,0.0265794014721876,60.36586506,0
919,39.19697779797367,-108.29359432509344,2007,6,72.04894531250005,0.005976784183178,644.02048664,1
920,38.13314228484488,-108.5350849312881,2008,9,61.01911132812504,0.016034757173981,23.62290953,0
921,40.51932104803869,-108.4519462949767,2009,7,73.62790039062504,0.022438946233876,291.93148379,0
922,39.76640353476463,-108.86202284530738,2013,6,72.15880859375005,0.0010612213345797,1063.40831267,1
923,37.87384589424838,-108.79421647960932,2011,8,71.23068359375004,0.0557968305608723,14.85748782,0
924,38.611687945463515,-106.9973402248925,2002,6,61.20807617187504,0.0149820286625443,1084.41056361,1
925,39.036586118994414,-105.48299239488662,2018,10,37.43761718750004,0.0668520938194356,17.93756938,0
926,40.561786244895465,-107.31779720118128,2012,7,71.01930664062505,0.032416890522628,38.0196238,0
927,37.74244722429633,-108.2086799250524,2012,11,28.24953125000004,0.0519811559127178,109.72071742,0
928,40.88308177394087,-107.49617679520352,2015,4,39.31979492187504,0.0637632728337776,2.313817,0
929,38.224026775970714,-105.21348783392702,2017,9,52.85846679687504,0.1225878933857195,0.05309932,0
930,40.922123114003234,-107.51851705591422,2007,8,68.31974609375004,0.0364546825164754,46.68070575,0
931,37.44465891057255,-106.82064909815485,2013,7,58.77438476562504,0.1236311677304329,1417.54974153,1
932,39.3525976200067,-106.97330628027248,2011,10,37.16559570312504,0.0797293586806394,37.15987392,0
933,40.29154387438883,-108.410156173385,2011,8,75.49513671875005,0.0120595533450745,44.54077231,0
934,40.34465047300244,-108.41801061523203,2003,8,75.05260742187505,0.019546170589351,164.3501917,0
935,39.29892482823985,-108.45631134583532,2000,5,57.25211914062504,0.0301702569294022,405.18269691,0
936,40.33818425349444,-108.37393492207008,2000,1,20.29674804687504,0.0411940880340989,8590.72637473,1
937,40.281241091432875,-108.36414530209755,2012,8,75.48766601562505,0.0100863205953035,5120.07909716,1
938,40.313454370608056,-108.6286965379039,2015,10,54.71735351562504,0.0435054375813342,196.90563698,0
939,38.83088521276571,-107.72700769430251,2007,7,73.43498046875004,0.037986683770956,42.1155516,0
940,39.08437797690599,-109.03350061020252,2012,7,78.38805664062505,0.0144624482383718,71.9935802,0
941,40.420540313590294,-108.32586560822205,2017,7,76.67023437500004,0.0212406010968145,97.18853745,0
942,40.50480282728905,-108.03833420594114,2018,11,29.39386718750004,0.0415541324025951,6.22546609,0
943,40.07200478558792,-108.37664894782878,2001,7,74.06120117187504,0.0166703507997735,64.22130316,0
944,39.79445221997974,-108.4311478389946,2003,7,75.46657226562505,0.0166956230214738,1499.26909782,1
945,40.12048553570928,-108.60993819913992,2000,1,20.36002929687504,0.0428169368298258,571.39210316,1
946,40.065963477384955,-108.2859374369913,2002,8,71.13795898437505,0.0303187736272579,26.6572409,0
